date,open,high,low,close,adjClose,volume
2026-06-30,247.90,250.70,247.55,250.20,245.38,2794918
2026-06-29,240.00,244.60,239.85,242.75,238.07,3855791
2026-06-26,244.40,245.00,238.10,238.70,234.10,8276870
2026-06-25,250.00,250.00,246.30,248.10,243.32,2503519
2026-06-24,249.65,249.65,245.90,247.95,243.17,4150955
2026-06-23,258.10,260.10,254.35,254.35,249.45,4191761
2026-06-22,253.00,258.20,253.00,257.45,252.49,4367796
2026-06-18,247.95,249.10,246.95,249.10,244.30,3689787
2026-06-17,243.35,246.30,242.15,246.30,241.56,4494170
2026-06-16,245.00,245.75,243.45,245.35,240.62,2894182
2026-06-15,243.70,244.35,241.55,244.10,239.40,6291888
2026-06-12,238.60,238.95,235.60,236.10,231.55,2461497
2026-06-11,231.00,232.95,226.45,231.00,226.55,5508026
2026-06-10,237.10,237.80,232.00,232.05,227.58,4446272
2026-06-09,236.60,239.75,234.70,239.55,234.94,2294907
2026-06-08,228.50,234.75,227.35,233.85,229.35,8424358
2026-06-05,243.40,243.50,238.10,241.05,236.41,4052880
2026-06-04,247.15,248.00,245.80,245.95,241.21,3786744
2026-06-03,248.50,249.85,248.05,248.80,244.01,2729785
2026-06-02,244.80,245.65,241.45,244.55,239.84,2673499
2026-06-01,241.50,247.00,241.50,243.90,239.20,4391651
2026-05-29,238.75,241.40,237.95,241.25,236.60,3842676
2026-05-28,239.90,241.25,231.90,233.15,228.66,4367073
2026-05-27,237.75,240.20,236.05,237.60,233.02,4274592
2026-05-26,235.00,235.45,232.50,232.55,228.07,2109425
2026-05-25,230.25,234.00,230.15,233.15,228.66,6807219
2026-05-22,222.80,225.05,222.05,225.05,220.72,2958555
2026-05-21,218.95,222.00,218.95,221.55,217.28,2125491
2026-05-20,215.40,216.40,213.80,214.10,209.98,4608127
2026-05-19,218.90,219.15,215.60,215.65,211.50,3274640
2026-05-18,218.20,220.00,216.10,219.40,215.17,6799735
2026-05-15,227.55,228.00,220.40,220.40,216.15,4805122
2026-05-14,224.05,225.20,221.65,222.50,218.21,5812864
2026-05-13,219.80,221.85,219.00,221.20,216.94,6615399
2026-05-12,224.50,225.40,221.30,224.55,220.22,5949947
2026-05-11,223.85,224.75,223.15,224.45,220.13,3623773
2026-05-08,225.35,226.20,222.20,224.30,219.98,5337650
2026-05-07,225.80,227.80,225.50,226.80,222.43,5127624
2026-05-06,222.40,224.10,219.80,222.00,217.72,8240913
2026-05-05,219.10,219.60,217.70,219.60,215.37,3765082
2026-05-04,214.25,219.20,214.00,219.20,214.98,6329450
2026-04-30,212.40,212.80,209.45,209.75,205.71,3693668
2026-04-29,210.65,212.20,208.50,210.45,206.40,4036240
2026-04-28,214.70,216.50,213.05,213.15,209.04,5443232
2026-04-27,214.90,218.00,214.85,215.45,211.30,9536860
2026-04-24,203.00,208.95,202.90,208.95,204.93,6974842
2026-04-23,203.05,206.00,197.50,200.10,196.25,5314321
2026-04-22,199.00,200.55,198.85,199.95,196.10,3443794
2026-04-21,198.00,199.70,197.00,199.55,195.71,3526217
2026-04-20,195.55,197.30,195.55,196.00,192.22,3257450
2026-04-17,195.60,195.65,194.60,194.85,191.10,3225481
2026-04-16,196.00,197.30,195.10,196.80,193.01,3177253
2026-04-15,194.20,197.00,194.00,195.05,191.29,4324740
2026-04-14,189.75,192.40,189.75,192.05,188.35,4707694
2026-04-13,187.05,187.75,186.30,186.95,183.35,2877114
2026-04-10,185.80,187.30,185.75,187.30,183.69,3911543
2026-04-09,183.60,183.95,182.90,183.95,180.41,3328857
2026-04-08,180.55,184.35,180.50,183.60,180.06,6630794
2026-04-07,174.35,175.55,173.60,174.80,171.43,4556329
2026-04-02,176.05,176.50,171.30,171.60,168.29,2792719
2026-04-01,173.85,175.55,173.30,175.30,171.92,3714830
2026-03-31,170.00,170.50,167.70,168.10,164.86,7975984
2026-03-30,170.40,171.80,170.10,171.35,168.05,4798161
2026-03-27,172.55,174.50,172.15,174.45,171.09,2297811
2026-03-26,177.05,178.45,175.95,176.15,172.76,2505944
2026-03-25,176.70,177.90,176.20,176.55,173.15,2761210
2026-03-24,174.80,175.20,171.30,172.75,169.42,2522435
2026-03-23,171.00,172.70,170.55,172.25,168.93,5838706
2026-03-20,176.70,177.40,175.65,176.20,172.81,1931758
2026-03-19,177.80,178.50,176.60,176.60,173.20,3424457
2026-03-18,180.75,181.15,179.75,180.50,177.02,2630515
2026-03-17,177.25,178.50,177.15,177.75,174.33,1959680
2026-03-16,177.60,177.65,175.05,175.50,172.12,4377716
2026-03-13,175.30,177.50,174.40,176.25,172.86,2876062
2026-03-12,179.55,179.85,177.30,177.85,174.42,2569131
2026-03-11,176.75,181.80,176.75,181.20,177.71,4778845
2026-03-10,175.25,176.85,172.15,174.00,170.65,6968447
2026-03-09,170.00,170.80,167.00,170.45,167.17,10661209
2026-03-06,178.20,179.50,177.10,178.20,174.77,5678340
2026-03-05,180.75,182.80,178.05,179.35,175.90,5789205
2026-03-04,178.00,178.35,175.00,175.05,171.68,12842072
2026-03-03,185.45,186.00,182.35,182.40,178.89,6723705
2026-03-02,183.70,187.05,183.65,186.35,182.76,4420240
2026-02-26,187.80,188.95,187.05,188.00,184.38,3676172
2026-02-25,185.75,189.40,185.75,187.75,184.13,5700074
2026-02-24,179.90,184.55,179.90,184.00,180.46,5277606
2026-02-23,179.75,181.60,178.80,179.05,175.60,8569685
2026-02-11,175.70,179.10,175.70,178.65,175.21,4972915
2026-02-10,173.10,174.90,173.00,174.80,171.43,5177316
2026-02-09,171.55,171.90,171.00,171.25,167.95,5751382
2026-02-06,165.00,167.30,163.90,166.50,163.29,5633521
2026-02-05,166.70,167.20,166.10,166.55,163.34,3996866
2026-02-04,167.60,169.35,167.45,168.85,165.60,2294841
2026-02-03,169.00,169.15,167.70,168.80,165.55,4804932
2026-02-02,165.75,166.00,164.00,165.35,162.17,8769937
2026-01-30,168.50,168.80,167.35,168.05,164.81,5538099
2026-01-29,172.00,172.45,170.00,170.75,167.46,3951729
2026-01-28,170.00,171.70,170.00,171.70,168.39,3103589
2026-01-27,167.40,169.25,167.40,169.00,165.74,2566313
2026-01-26,167.15,168.10,167.00,167.30,164.08,3853058
2026-01-23,166.70,167.40,166.00,167.15,163.93,2349046
2026-01-22,165.65,166.70,165.55,165.85,162.66,2525320
2026-01-21,164.00,165.40,163.55,164.10,160.94,6267489
2026-01-20,164.10,165.65,164.00,165.50,162.31,2971335
2026-01-19,163.60,166.20,162.90,165.50,162.31,4545502
2026-01-16,163.20,164.55,162.35,164.20,161.04,8546824
2026-01-15,161.00,161.00,159.80,160.95,157.85,5014811
2026-01-14,161.45,162.30,161.00,161.45,158.34,5447233
2026-01-13,162.00,162.00,160.20,160.85,157.75,5805256
2026-01-12,160.70,160.80,159.70,160.15,157.07,6671940
2026-01-09,158.85,160.10,157.15,159.15,156.08,8909695
2026-01-08,158.80,160.35,158.35,159.55,156.48,11248881
2026-01-07,160.45,160.45,158.90,159.00,155.94,7879162
2026-01-06,158.20,160.60,158.00,160.50,157.41,9890925
2026-01-05,155.95,160.30,155.75,158.65,155.59,17919957
2026-01-02,151.00,153.10,150.50,152.95,150.00,7577737
2025-12-31,148.40,150.35,148.35,150.10,147.21,10442650
2025-12-30,148.55,149.40,147.90,149.15,146.28,6607877
2025-12-29,147.85,149.45,147.80,149.20,146.33,8854816
2025-12-26,147.30,147.55,146.70,147.55,144.71,6901834
2025-12-24,146.80,146.85,146.05,146.30,143.48,2384716
2025-12-23,145.90,146.20,145.60,146.00,143.19,2174368
2025-12-22,144.90,145.50,144.65,145.20,142.40,4085626
2025-12-19,143.00,143.70,142.80,143.05,140.29,4871617
2025-12-18,141.35,142.15,141.00,141.65,138.92,4749543
2025-12-17,142.45,143.10,141.80,142.05,139.31,2257044
2025-12-16,142.10,142.55,141.40,142.45,139.71,7491137
2025-12-15,143.25,143.85,142.85,143.80,141.03,7005088
2025-12-12,145.45,145.80,144.75,145.50,142.70,1847576
2025-12-11,147.15,147.40,144.55,144.70,141.91,3944013
2025-12-10,145.95,146.85,145.70,146.50,143.68,5435010
2025-12-09,146.00,146.05,145.45,145.45,142.65,3073696
2025-12-08,144.35,145.75,144.20,145.70,142.89,4812994
2025-12-05,142.90,143.55,142.70,143.55,140.78,3414816
2025-12-04,142.55,142.95,141.95,142.35,139.61,1927716
2025-12-03,142.95,143.00,142.15,142.45,139.71,3077327
2025-12-02,141.75,142.40,141.05,141.35,138.63,1621266
2025-12-01,141.55,141.80,140.55,140.70,137.99,4117853
2025-11-28,141.50,142.90,141.45,142.85,140.10,3604848
2025-11-27,141.55,142.20,141.10,141.70,138.97,3736776
2025-11-26,139.45,140.75,139.45,140.60,137.89,5284453
2025-11-25,138.75,139.35,137.50,138.20,135.54,4202296
2025-11-24,137.00,137.35,135.90,135.90,133.28,6372320
2025-11-21,137.30,137.45,136.05,136.55,133.92,11869643
2025-11-20,140.70,141.75,140.40,141.55,138.82,5554327
2025-11-19,137.80,138.30,136.90,137.30,134.66,6629031
2025-11-18,139.95,140.15,138.00,138.25,135.59,12817121
2025-11-17,145.20,145.70,144.75,144.80,138.63,7719748
2025-11-14,144.25,144.85,144.00,144.20,138.05,9804761
2025-11-13,147.20,147.45,146.65,147.05,140.78,4022829
2025-11-12,147.50,148.40,147.10,148.05,141.74,7921176
2025-11-11,149.00,149.05,147.10,147.10,140.83,5429279
2025-11-10,147.30,148.30,146.85,148.00,141.69,10390772
2025-11-07,146.80,146.85,146.00,146.25,140.02,6333851
2025-11-06,148.10,148.75,147.95,148.40,142.08,7736345
2025-11-05,147.00,147.90,146.00,147.55,141.26,10793147
2025-11-04,151.35,152.00,149.70,149.75,143.37,5196198
2025-11-03,151.05,151.80,149.80,150.20,143.80,8201099
2025-10-31,151.10,151.90,150.95,151.80,145.33,3427634
2025-10-30,151.00,151.65,150.05,150.90,144.47,3979408
2025-10-29,149.70,151.25,149.70,150.95,144.52,4228139
2025-10-28,149.10,149.30,148.15,148.45,142.12,5512193
2025-10-27,149.15,149.75,148.90,149.35,142.99,11137759
2025-10-23,144.80,146.05,144.50,145.70,139.49,5869054
2025-10-22,146.10,147.20,145.70,146.85,140.59,7584083
2025-10-21,147.60,148.80,147.60,147.60,141.31,6490270
2025-10-20,146.00,147.90,145.50,147.45,141.17,9672519
2025-10-17,145.35,145.65,144.90,145.10,138.92,10061415
2025-10-16,145.30,147.45,145.10,147.35,141.07,11737750
2025-10-15,142.10,144.70,141.75,144.65,138.49,8315447
2025-10-14,144.20,145.10,141.80,141.80,135.76,11682844
2025-10-13,139.55,142.10,139.55,142.05,136.00,10046851
2025-10-09,143.85,144.50,143.50,143.85,137.72,9273458
2025-10-08,141.80,142.55,141.50,142.40,136.33,3480832
2025-10-07,142.10,144.20,142.10,144.05,137.91,8359135
2025-10-03,138.10,140.40,138.10,140.40,134.42,8514028
2025-10-02,137.95,138.45,137.50,138.20,132.31,8843535
2025-10-01,135.40,137.15,135.35,135.35,129.58,8751327
2025-09-30,134.50,135.25,134.50,134.80,129.06,7916655
2025-09-26,134.70,134.70,132.60,133.40,127.72,7100530
2025-09-25,135.80,136.15,135.50,135.75,129.96,7300713
2025-09-24,137.05,137.05,135.55,136.35,130.54,7247802
2025-09-23,135.25,136.70,135.05,136.30,130.49,9060660
2025-09-22,132.60,133.85,132.40,133.70,128.00,5194789
2025-09-19,133.05,133.20,132.10,132.70,127.04,3596102
2025-09-18,132.05,132.90,131.50,132.75,127.09,3495369
2025-09-17,132.20,132.20,131.45,131.50,125.90,6002030
2025-09-16,131.30,132.85,131.25,132.50,126.85,11107214
2025-09-15,130.95,131.00,130.25,130.70,125.13,9918369
2025-09-12,130.50,130.95,130.40,130.75,125.18,10424857
2025-09-11,130.00,130.65,129.30,129.60,124.08,13470664
2025-09-10,127.30,128.70,127.25,128.50,123.02,14714905
2025-09-09,125.05,126.00,125.00,125.85,120.49,10072735
2025-09-08,124.75,125.05,124.40,124.85,119.53,9910890
2025-09-05,123.20,123.60,123.00,123.35,118.09,6867624
2025-09-04,122.75,123.15,122.05,122.20,116.99,8784392
2025-09-03,121.50,121.90,121.00,121.40,116.23,5903178
2025-09-02,122.50,122.80,121.40,121.55,116.37,6260964
2025-09-01,121.95,122.50,121.00,121.60,116.42,5173881
2025-08-29,123.70,123.85,122.65,122.75,117.52,7273872
2025-08-28,123.75,123.95,122.90,122.90,117.66,6344692
2025-08-27,124.05,124.40,123.85,124.25,118.96,6521462
2025-08-26,122.90,123.65,122.40,123.35,118.09,4208005
2025-08-25,123.20,123.90,122.50,123.40,118.14,8189139
2025-08-22,121.85,121.85,120.70,120.85,115.70,4670345
2025-08-21,121.00,121.80,121.00,121.60,116.42,3816368
2025-08-20,122.85,122.85,120.50,120.70,115.56,11683336
2025-08-19,124.70,124.75,124.20,124.40,119.10,2759433
2025-08-18,123.70,124.80,123.60,124.70,119.39,5236846
2025-08-15,124.30,124.70,123.75,124.25,118.96,5682123
2025-08-14,124.50,124.65,123.80,124.25,118.96,5344928
2025-08-13,124.30,125.00,123.95,124.95,119.63,8782634
2025-08-12,123.65,124.15,123.10,123.90,118.62,7582704
2025-08-11,122.30,124.30,122.00,123.75,118.48,9289111
2025-08-08,122.95,123.10,122.65,122.95,117.71,8440231
2025-08-07,121.55,123.10,121.50,123.00,117.76,14849275
2025-08-06,119.35,119.40,119.00,119.10,114.02,4543103
2025-08-05,119.95,120.35,119.60,120.25,115.13,6383924
2025-08-04,118.20,118.65,117.75,118.65,113.59,9746907
2025-08-01,118.75,119.60,118.60,119.35,114.26,7709705
2025-07-31,119.35,120.80,119.35,120.60,115.46,12252436
2025-07-30,118.85,119.50,118.60,119.10,114.02,14144940
2025-07-29,118.95,118.95,117.40,117.80,112.78,12013059
2025-07-28,119.45,119.70,118.90,119.30,114.22,9057938
2025-07-25,119.25,119.45,118.80,118.90,113.83,8804493
2025-07-24,119.10,119.35,118.80,119.15,114.07,9264825
2025-07-23,118.25,118.80,118.00,118.65,113.59,14179445
2025-07-22,118.80,119.75,117.75,117.95,112.92,16552057
2025-07-21,119.00,119.15,118.40,118.75,113.69,11145435
2025-07-18,119.35,119.55,119.05,119.25,114.17,19850072
2025-07-17,117.55,117.95,116.80,117.55,112.54,11330247
2025-07-16,116.55,117.60,116.55,117.20,112.21,13326543
2025-07-15,115.45,117.15,115.45,117.00,111.07,10856850
2025-07-14,116.15,116.15,115.25,115.35,109.50,4791344
2025-07-11,115.75,116.30,115.50,116.25,110.36,9399913
2025-07-10,114.85,115.95,114.80,115.75,109.88,13043180
2025-07-09,113.30,114.95,113.20,114.45,108.65,7051906
2025-07-08,113.50,113.70,113.05,113.30,107.55,6297122
2025-07-07,114.35,114.35,113.30,114.00,108.22,8061484
2025-07-04,115.50,115.70,114.25,114.50,108.69,5335473
2025-07-03,115.45,115.65,115.25,115.35,109.50,14414338
2025-07-02,113.85,114.30,113.50,114.25,108.46,4294937
2025-07-01,113.50,115.20,113.50,114.05,108.27,19792304
2025-06-30,113.40,113.75,112.80,113.05,107.32,21971710
2025-06-27,113.15,113.40,112.60,113.25,107.51,13787139
2025-06-26,113.05,113.60,112.80,112.90,107.18,14551300
2025-06-25,112.50,113.00,112.25,112.95,107.22,11734884
2025-06-24,111.15,111.65,111.00,111.45,105.80,9497178
2025-06-23,109.15,109.50,108.50,109.40,103.85,7513711
2025-06-20,110.45,110.75,109.50,110.40,104.80,6171568
2025-06-19,111.20,111.20,110.30,110.45,104.85,6115788
2025-06-18,110.30,111.75,110.20,111.50,105.85,11463945
2025-06-17,111.00,111.45,110.50,110.70,105.09,7035724
2025-06-16,109.90,110.25,109.35,110.25,104.66,9604467
2025-06-13,110.25,110.70,109.45,109.90,104.33,10573738
2025-06-12,111.40,111.50,110.95,111.40,105.75,5988138
2025-06-11,111.20,112.00,111.10,111.70,106.04,14375644
2025-06-10,108.90,111.00,108.90,110.65,105.04,15498724
2025-06-09,107.95,108.20,107.55,108.10,102.62,7588601
2025-06-06,107.00,107.30,106.75,107.10,101.67,6731902
2025-06-05,106.95,107.40,106.70,106.95,101.53,5778583
2025-06-04,105.45,106.60,105.30,106.55,101.15,5660175
2025-06-03,104.60,105.00,103.80,103.90,98.63,4071318
2025-06-02,104.00,104.00,102.90,103.25,98.01,7754538
2025-05-29,106.25,106.35,105.25,105.45,100.10,2973553
2025-05-28,106.05,106.35,104.75,105.40,100.06,3243255
2025-05-27,105.65,105.65,104.55,104.75,99.44,6009134
2025-05-26,106.05,106.30,105.65,105.85,100.48,6625953
2025-05-23,107.10,107.10,105.65,106.10,100.72,2517438
2025-05-22,106.35,106.55,105.90,106.35,100.96,4917605
2025-05-21,106.50,107.65,106.45,107.55,102.10,5903654
2025-05-20,106.85,107.15,106.00,106.15,100.77,3624881
2025-05-19,106.95,107.00,105.90,105.95,100.58,4371443
2025-05-16,107.10,107.65,106.90,107.40,101.95,5018943
2025-05-15,107.40,107.45,106.80,107.30,101.86,5841459
2025-05-14,106.70,107.40,106.60,107.40,101.95,9036039
2025-05-13,106.10,106.20,105.05,105.10,99.77,7908317
2025-05-12,103.15,103.90,103.15,103.55,98.30,5525132
2025-05-09,101.60,102.50,101.30,102.45,97.25,5723375
2025-05-08,101.00,101.75,100.60,101.50,96.35,4965092
2025-05-07,100.40,100.95,99.45,100.05,94.98,7068996
2025-05-06,99.55,100.80,99.25,100.15,95.07,10205545
2025-05-05,102.60,102.65,99.60,100.70,95.59,12377268
2025-05-02,100.75,102.00,100.75,102.00,96.83,9081193
2025-04-30,98.75,99.35,98.45,98.90,93.88,6412021
2025-04-29,98.05,98.80,97.85,98.70,93.70,6574619
2025-04-28,98.05,98.45,98.00,98.10,93.13,7827598
2025-04-25,97.70,98.20,97.30,97.50,92.56,7662612
2025-04-24,96.50,96.50,94.85,95.10,90.28,6199872
2025-04-23,94.50,96.00,94.40,95.65,90.80,8180926
2025-04-22,92.20,92.80,91.60,91.65,87.00,8960619
2025-04-21,94.35,94.35,93.05,93.20,88.47,8308203
2025-04-18,94.70,95.10,94.40,94.55,89.76,4144771
2025-04-17,94.70,94.90,93.55,94.45,89.66,6728148
2025-04-16,96.25,96.25,94.80,95.10,90.28,11392205
2025-04-15,96.40,97.20,96.00,97.00,92.08,6276285
2025-04-14,98.65,98.75,95.90,95.95,91.08,19007655
2025-04-11,92.10,96.80,91.10,96.80,91.89,19203227
2025-04-10,94.45,94.45,94.45,94.45,89.66,3534302
2025-04-09,89.90,90.40,85.10,85.90,81.54,36509640
2025-04-08,88.10,92.60,88.10,89.90,85.34,52606110
2025-04-07,93.35,93.35,93.35,93.35,88.62,18235491
2025-04-02,103.90,104.25,103.35,103.70,98.44,6927523
2025-04-01,102.00,103.75,102.00,103.75,98.49,8185295
2025-03-31,102.10,102.45,101.35,101.50,96.35,26953950
2025-03-28,105.30,105.45,104.60,105.15,99.82,13063063
2025-03-27,106.50,106.65,106.10,106.25,100.86,9507209
2025-03-26,108.95,109.00,108.10,108.40,102.90,7087757
2025-03-25,108.35,109.10,108.00,108.65,103.14,5543850
2025-03-24,108.50,108.50,107.15,107.15,101.72,4924720
2025-03-21,108.15,108.15,107.30,107.55,102.10,2626558
2025-03-20,107.20,108.30,107.20,108.30,102.81,6093145
2025-03-19,107.20,107.45,105.85,106.05,100.67,6953502
2025-03-18,107.60,108.05,107.10,107.35,101.91,4351431
2025-03-17,107.05,107.90,106.70,106.95,101.53,8103127
2025-03-14,106.35,106.50,105.50,105.90,100.53,7406365
2025-03-13,109.10,109.10,106.35,106.35,100.96,8136752
2025-03-12,106.70,108.25,106.70,107.05,101.62,5815130
2025-03-11,106.05,106.95,105.30,106.60,101.19,21311972
2025-03-10,109.35,109.35,108.35,108.75,103.24,10635424
2025-03-07,109.55,109.85,109.20,109.30,103.76,8156796
2025-03-06,111.25,111.30,110.20,110.30,104.71,11328462
2025-03-05,110.95,111.50,110.70,111.10,105.47,9666657
2025-03-04,108.65,109.95,108.50,109.70,104.14,15647286
2025-03-03,111.75,112.00,109.95,110.45,104.85,39715721
2025-02-27,114.00,114.45,113.10,113.15,107.41,11330265
2025-02-26,113.40,114.15,112.95,113.95,108.17,12008678
2025-02-25,113.95,114.10,113.25,113.70,107.93,20425827
2025-02-24,115.30,115.35,114.85,115.20,109.36,7381595
2025-02-21,115.40,116.30,115.20,116.15,110.26,5443472
2025-02-20,115.45,115.65,114.70,115.50,109.64,8546803
2025-02-19,116.15,116.20,115.45,115.50,109.64,10154617
2025-02-18,115.90,116.20,115.45,116.15,110.26,5940197
2025-02-17,114.30,115.70,114.30,115.60,109.74,8294172
2025-02-14,114.75,114.80,113.90,114.00,108.22,18928780
2025-02-13,116.40,116.40,114.90,115.35,109.50,10806064
2025-02-12,116.20,116.70,115.80,115.90,110.02,5106869
2025-02-11,116.15,116.65,115.80,115.95,110.07,3485635
2025-02-10,116.40,116.50,115.15,115.45,109.60,11856240
2025-02-07,115.90,116.60,115.80,116.55,110.64,5748953
2025-02-06,116.00,116.50,115.75,115.90,110.02,8010412
2025-02-05,114.90,116.15,114.90,115.45,109.60,10338852
2025-02-04,113.95,114.35,113.50,113.55,107.79,11241322
2025-02-03,114.50,114.50,112.55,113.15,107.41,61717553
2025-01-22,117.90,118.50,117.85,118.40,112.40,11715349
2025-01-21,116.40,117.00,115.85,116.70,110.78,7033397
2025-01-20,115.75,116.85,115.75,116.55,110.64,12597731
2025-01-17,115.50,115.95,114.20,115.30,109.45,9773697
2025-01-16,114.85,115.65,114.35,114.80,108.98,15590285
2025-01-15,113.25,113.50,112.45,112.75,107.03,16465982
2025-01-14,113.00,113.60,112.80,113.25,107.51,9437785
2025-01-13,115.45,115.45,112.65,112.80,107.08,29447262
2025-01-10,115.35,115.65,114.70,115.15,109.31,9762081
2025-01-09,116.45,116.60,115.25,115.50,109.64,9720943
2025-01-08,117.50,117.95,116.45,116.80,110.88,8551270
2025-01-07,119.00,119.60,118.25,118.25,112.25,16972368
2025-01-06,115.20,117.20,115.10,117.00,111.07,19760601
2025-01-03,114.05,114.20,113.35,113.50,107.74,6607982
2025-01-02,113.65,113.75,112.25,112.80,107.08,18077255
2024-12-31,114.25,114.55,113.70,114.10,108.31,6843253
2024-12-30,115.00,115.30,114.65,114.95,109.12,6845631
2024-12-27,114.70,115.35,114.50,115.30,109.45,6397484
2024-12-26,114.95,115.05,114.85,115.00,109.17,5522500
2024-12-25,114.75,115.20,114.55,114.90,109.07,5065764
2024-12-24,115.00,115.45,114.50,114.55,108.74,8750488
2024-12-23,113.50,114.40,113.00,114.30,108.50,9206481
2024-12-20,112.70,112.75,111.50,111.90,106.23,12474749
2024-12-19,113.00,113.25,112.40,113.10,107.36,16994631
2024-12-18,114.15,114.80,113.45,114.40,108.60,6302997
2024-12-17,114.00,114.85,114.00,114.20,108.41,6227729
2024-12-16,114.35,114.80,113.70,113.75,107.98,8613720
2024-12-13,113.20,113.75,112.75,113.45,107.70,4957695
2024-12-12,112.80,113.50,112.70,113.15,107.41,6109045
2024-12-11,112.00,112.90,111.70,111.90,106.23,10309955
2024-12-10,113.60,114.00,112.90,113.10,107.36,7147870
2024-12-09,113.80,113.95,113.50,113.60,107.84,5746969
2024-12-06,113.90,114.10,113.10,113.50,107.74,9057870
2024-12-05,113.50,114.05,113.40,113.85,108.08,7102177
2024-12-04,112.80,113.35,112.55,113.35,107.60,6558572
2024-12-03,113.50,113.50,112.30,112.45,106.75,9426647
2024-12-02,109.40,111.20,109.35,111.15,105.51,7103918
2024-11-29,107.70,108.80,107.05,108.25,102.76,10442498
2024-11-28,108.55,108.70,107.70,108.30,102.81,13851843
2024-11-27,109.70,109.90,108.50,108.55,103.05,14483798
2024-11-26,110.50,110.50,109.50,109.90,104.33,16442053
2024-11-25,112.85,112.95,111.35,111.45,105.80,11840830
2024-11-22,110.95,112.10,110.95,111.65,105.99,7718147
2024-11-21,110.10,110.55,109.60,109.90,104.33,15293772
2024-11-20,111.20,111.20,111.20,111.20,105.56,105997
2024-11-19,110.65,111.95,110.40,111.45,105.80,8548471
2024-11-18,111.25,111.35,110.15,110.40,104.80,16562756
2024-11-15,112.65,113.00,111.85,112.30,105.75,9154630
2024-11-14,112.70,112.70,111.60,112.05,105.52,14095161
2024-11-13,113.40,113.65,112.90,112.95,106.36,12635345
2024-11-12,114.50,114.75,113.70,113.70,107.07,23345159
2024-11-11,116.40,116.45,115.20,116.45,109.66,12282635
2024-11-08,116.45,116.90,116.35,116.45,109.66,10957131
2024-11-07,114.30,116.00,114.00,115.40,108.67,13295992
2024-11-06,113.65,116.00,113.45,114.40,107.73,16033982
2024-11-05,112.55,113.95,112.30,113.45,106.83,11218887
2024-11-04,112.00,113.30,111.80,113.15,106.55,9174086
2024-11-01,109.70,111.90,108.50,111.65,105.14,22034360
2024-10-30,113.15,113.85,112.05,112.20,105.66,15395446
2024-10-29,113.50,113.65,111.70,112.75,106.17,26116189
2024-10-28,115.80,116.10,114.35,114.85,108.15,16149092
2024-10-25,114.45,115.15,114.45,115.00,108.29,4748862
2024-10-24,115.00,115.30,114.00,114.20,107.54,10556928
2024-10-23,115.35,115.45,114.55,114.90,108.20,12407223
2024-10-22,115.90,115.90,114.55,115.60,108.86,10948630
2024-10-21,116.80,117.15,116.00,116.20,109.42,8589462
2024-10-18,116.75,117.20,115.45,115.90,109.14,16562479
2024-10-17,114.20,114.20,112.45,113.20,106.60,8934675
2024-10-16,112.90,114.55,112.30,113.15,106.55,16306146
2024-10-15,113.50,115.20,113.45,114.95,108.25,9499063
2024-10-14,113.20,113.30,111.85,112.80,106.22,11459670
2024-10-11,111.35,112.95,111.20,112.65,106.08,9175558
2024-10-09,110.80,111.35,110.70,110.75,104.29,7600288
2024-10-08,109.65,109.75,108.60,109.45,103.07,10061297
2024-10-07,108.65,110.10,108.65,109.95,103.54,10678866
2024-10-04,108.00,108.45,107.05,107.50,101.23,6902566
2024-10-01,107.55,107.90,107.10,107.50,101.23,7047038
2024-09-30,108.95,109.30,107.50,107.50,101.23,12665256
2024-09-27,111.15,111.85,110.20,110.30,103.87,7065700
2024-09-26,110.30,111.05,110.30,110.55,104.10,8893328
2024-09-25,109.30,109.85,109.25,109.80,103.40,7287202
2024-09-24,107.00,108.10,106.45,108.05,101.75,5912298
2024-09-23,107.10,107.30,106.70,107.00,100.76,4191398
2024-09-20,106.95,107.55,106.60,106.60,100.38,7852780
2024-09-19,103.90,105.35,103.60,105.35,99.21,4424447
2024-09-18,104.50,104.75,103.40,103.90,97.84,4586707
2024-09-16,104.45,105.00,104.25,104.80,98.69,5300424
2024-09-13,105.00,105.00,103.85,104.40,98.31,4538394
2024-09-12,103.30,104.25,102.90,104.00,97.94,6698537
2024-09-11,100.65,100.85,100.30,100.30,94.45,5688269
2024-09-10,101.25,101.35,100.10,100.55,94.69,6550810
2024-09-09,99.85,100.55,99.60,100.50,94.64,15073740
2024-09-06,101.05,102.40,100.55,102.15,96.19,6464982
2024-09-05,101.40,102.25,100.55,100.75,94.87,6690210
2024-09-04,100.65,101.65,99.60,100.30,94.45,30222878
2024-09-03,106.20,106.30,105.15,105.35,99.21,4352750
2024-09-02,106.45,106.60,105.55,105.65,99.49,5119245
2024-08-30,106.00,106.50,105.75,105.75,99.58,4588136
2024-08-29,105.00,106.10,104.70,105.75,99.58,5901082
2024-08-28,105.70,106.95,105.15,106.95,100.71,3814004
2024-08-27,105.35,105.70,105.00,105.50,99.35,3554139
2024-08-26,106.55,107.30,105.75,105.90,99.72,6310200
2024-08-23,105.10,106.00,104.90,105.95,99.77,4194063
2024-08-22,106.25,106.75,105.55,105.80,99.63,2914289
2024-08-21,107.00,107.00,106.20,106.25,100.05,5324519
2024-08-20,107.75,108.35,107.35,107.50,101.23,5009201
2024-08-19,107.40,108.00,107.15,107.45,101.18,4974769
2024-08-16,107.00,107.50,106.75,107.35,101.09,9776099
2024-08-15,105.60,105.85,104.85,105.05,98.92,7000594
2024-08-14,106.00,106.35,105.40,105.65,99.49,8870255
2024-08-13,105.00,105.00,104.15,104.40,98.31,5824171
2024-08-12,103.75,104.95,103.50,104.05,97.98,8417268
2024-08-09,102.95,103.40,101.85,102.70,96.71,9207170
2024-08-08,99.85,100.85,98.90,99.70,93.89,14885257
2024-08-07,98.95,101.75,98.85,101.50,95.58,16546398
2024-08-06,97.40,99.60,94.35,97.55,91.86,44483198
2024-08-05,97.35,97.35,93.55,93.70,88.24,50711263
2024-08-02,104.50,104.70,102.40,102.40,96.43,20967751
2024-08-01,108.10,108.30,106.75,107.55,101.28,6836760
2024-07-31,104.90,105.95,104.50,105.65,99.49,6378222
2024-07-30,104.70,106.00,103.90,105.75,99.58,10312144
2024-07-29,106.00,106.70,105.20,105.65,99.49,8044747
2024-07-26,103.85,105.05,103.60,104.80,98.69,21571505
2024-07-23,107.80,108.65,107.35,108.65,102.31,9831441
2024-07-22,108.75,108.75,105.40,105.60,99.44,19837798
2024-07-19,110.45,110.65,109.00,109.00,102.64,12300768
2024-07-18,111.10,111.75,110.15,111.40,104.90,15892598
2024-07-17,114.95,115.00,113.40,113.70,107.07,11703957
2024-07-16,115.05,116.60,114.70,115.20,108.48,17003147
2024-07-15,117.00,117.00,115.30,115.40,107.93,12671696
2024-07-12,116.65,116.75,115.35,115.60,108.12,20722548
2024-07-11,118.05,119.35,117.50,118.90,111.21,14894726
2024-07-10,115.35,116.30,114.35,116.25,108.73,10714018
2024-07-09,115.60,117.15,114.50,115.75,108.26,16996375
2024-07-08,112.50,116.20,112.50,115.60,108.12,14045771
2024-07-05,112.70,112.95,112.30,112.40,105.13,7106343
2024-07-04,111.60,112.75,111.60,112.65,105.36,8582513
2024-07-03,110.00,110.00,109.20,109.85,102.74,5678415
2024-07-02,109.05,109.50,108.20,108.60,101.57,5963331
2024-07-01,109.25,110.20,109.20,109.40,102.32,6888546
2024-06-28,108.25,109.65,108.15,109.20,102.13,5587062
2024-06-27,107.50,108.40,107.40,108.25,101.25,5173515
2024-06-26,108.25,108.95,107.90,108.45,101.43,9175322
2024-06-25,106.90,107.60,105.85,107.45,100.50,8143243
2024-06-24,108.90,109.00,107.55,107.60,100.64,9365865
2024-06-21,109.90,110.60,109.45,110.00,102.88,12920208
2024-06-20,110.25,110.95,110.00,110.85,103.68,7049615
2024-06-19,107.50,110.60,107.50,110.25,103.12,12362822
2024-06-18,106.40,107.25,106.40,106.95,100.03,5302669
2024-06-17,105.20,105.65,104.75,105.20,98.39,5835511
2024-06-14,104.50,105.25,103.90,105.25,98.44,5827803
2024-06-13,104.75,105.65,103.90,104.55,97.79,7841447
2024-06-12,101.30,103.25,101.30,103.15,96.48,6083668
2024-06-11,101.40,102.00,101.15,101.30,94.75,5780287
2024-06-07,101.50,101.50,100.85,101.05,94.51,3280232
2024-06-06,101.45,102.25,101.10,101.80,95.21,9709787
2024-06-05,97.90,99.00,97.30,98.75,92.36,4539336
2024-06-04,98.95,98.95,97.60,97.80,91.47,6423501
2024-06-03,99.00,99.50,98.10,99.15,92.73,7152802
2024-05-31,98.50,99.00,97.50,97.50,91.19,7892789
2024-05-30,98.65,99.00,98.30,98.30,91.94,8385195
2024-05-29,100.95,100.95,99.90,100.05,93.58,5485832
2024-05-28,101.10,101.45,100.90,101.15,94.61,4204315
2024-05-27,100.50,101.55,100.50,101.10,94.56,5851429
2024-05-24,99.50,100.05,99.00,99.90,93.44,3466220
2024-05-23,99.90,100.30,99.55,100.20,93.72,5244033
2024-05-22,97.75,99.55,97.75,99.50,93.06,3972285
2024-05-21,97.60,97.75,97.05,97.60,91.28,2494702
2024-05-20,97.90,98.00,96.75,97.65,91.33,5298248
2024-05-17,98.10,98.20,97.65,97.80,91.47,3381637
2024-05-16,98.70,99.30,97.85,98.10,91.75,7812350
2024-05-15,96.65,98.20,96.65,97.50,91.19,4232415
2024-05-14,95.30,96.15,95.20,96.15,89.93,2690743
2024-05-13,95.65,96.00,95.35,95.40,89.23,4509173
2024-05-10,94.45,94.95,94.05,94.75,88.62,2787913
2024-05-09,94.10,94.45,93.90,94.00,87.92,2445694
2024-05-08,93.70,94.15,93.45,94.10,88.01,2383876
2024-05-07,93.70,93.95,93.30,93.75,87.68,2818237
2024-05-06,93.00,93.80,93.00,93.30,87.26,4983080
2024-05-03,93.00,93.00,91.60,92.00,86.05,2331077
2024-05-02,92.20,92.20,91.30,91.50,85.58,3619537
2024-04-30,92.90,93.30,92.70,92.70,86.70,2593321
2024-04-29,91.90,93.05,91.90,92.75,86.75,4081007
2024-04-26,91.10,91.85,91.00,91.35,85.44,4592394
2024-04-25,90.45,90.50,89.75,89.95,84.13,4120009
2024-04-24,90.00,91.60,90.00,91.40,85.49,4315196
2024-04-23,89.20,89.25,88.55,88.75,83.01,3992377
2024-04-22,88.10,88.90,87.70,88.00,82.31,7886956
2024-04-19,90.55,90.55,88.00,88.50,82.77,23274016
2024-04-18,91.95,93.05,91.25,93.05,87.03,3632207
2024-04-17,91.35,92.60,91.35,92.35,86.37,3160215
2024-04-16,92.65,92.75,90.75,91.30,85.39,13516395
2024-04-15,94.15,94.30,93.40,93.80,87.73,6489935
2024-04-12,94.95,95.20,94.65,94.80,88.67,2875910
2024-04-11,94.80,95.00,94.40,94.95,88.81,4120034
2024-04-10,95.45,95.50,95.00,95.35,89.18,2959208
2024-04-09,93.30,95.45,93.30,95.45,89.27,4059945
2024-04-08,92.80,93.50,92.70,93.10,87.08,5197996
2024-04-03,92.80,92.95,92.15,92.80,86.80,3824520
2024-04-02,92.50,93.30,92.50,93.20,87.17,3347939
2024-04-01,92.50,92.75,91.85,91.85,85.91,3178274
2024-03-29,91.80,92.35,91.80,92.15,86.19,1933000
2024-03-28,92.10,92.15,91.15,91.80,85.86,3028411
2024-03-27,92.25,92.35,91.80,92.25,86.28,4414936
2024-03-26,92.20,93.05,91.40,92.20,86.23,6704546
2024-03-25,92.25,92.45,91.75,92.10,86.14,3787938
2024-03-22,92.00,92.40,91.50,92.05,86.09,4367837
2024-03-21,90.85,92.05,90.85,92.00,86.05,5031863
2024-03-20,90.30,90.70,89.60,89.90,84.08,3989576
2024-03-19,89.85,90.40,89.50,90.30,84.46,3838089
2024-03-18,89.70,90.30,89.55,90.30,84.46,5576798
2024-03-15,90.00,90.35,89.75,89.80,83.99,3283850
2024-03-14,90.80,90.95,90.05,90.55,84.69,3268995
2024-03-13,90.70,91.30,90.55,90.80,84.92,4955842
2024-03-12,89.15,90.20,88.95,90.20,84.36,3679272
2024-03-11,89.70,90.00,89.15,89.30,83.52,5694562
2024-03-08,91.00,91.20,89.30,90.10,84.27,10068413
2024-03-07,88.10,89.30,88.05,88.95,83.19,6475910
2024-03-06,85.90,87.20,85.65,87.15,81.51,7467152
2024-03-05,86.20,86.80,86.05,86.65,81.04,4919564
2024-03-04,84.85,85.95,84.85,85.85,80.30,5869637
2024-03-01,84.00,84.20,83.65,83.70,78.28,3894477
2024-02-29,83.65,84.10,83.45,83.95,78.52,3438425
2024-02-27,84.15,84.25,83.30,83.85,78.42,3633423
2024-02-26,83.90,84.20,83.55,84.15,78.71,4093376
2024-02-23,83.80,84.10,83.70,83.90,78.47,4931105
2024-02-22,83.00,83.40,82.80,83.35,77.96,4522135
2024-02-21,82.60,82.65,82.35,82.40,77.07,1969242
2024-02-20,82.30,82.95,82.20,82.70,77.35,3327542
2024-02-19,82.45,82.45,82.05,82.40,77.07,3684396
2024-02-16,82.95,83.05,82.45,82.50,77.16,4879908
2024-02-15,82.80,83.90,82.45,82.95,77.58,12212344
2024-02-05,78.95,79.55,78.85,79.55,74.40,3459361
2024-02-02,78.85,79.00,78.65,78.95,73.84,2872494
2024-02-01,78.40,78.50,77.95,78.45,73.37,3786058
2024-01-31,79.00,79.00,78.35,78.45,73.37,4006477
2024-01-30,79.55,79.65,79.35,79.45,74.31,3527389
2024-01-29,79.10,79.60,79.10,79.60,74.45,3133609
2024-01-26,79.05,79.30,78.90,79.10,73.98,8314139
2024-01-25,78.60,79.15,78.60,79.10,73.98,6660832
2024-01-24,78.25,78.40,78.10,78.20,73.14,2946520
2024-01-23,78.05,78.25,77.80,78.15,73.09,4540837
2024-01-22,77.95,78.25,77.65,77.90,72.86,5353117
2024-01-19,76.45,77.55,76.45,77.50,72.49,9726878
2024-01-18,74.80,75.15,74.75,75.00,70.15,2923499
2024-01-17,75.20,75.20,74.55,74.70,69.87,5515147
2024-01-16,75.45,75.65,74.85,75.20,70.33,7100004
2024-01-15,75.70,75.70,75.70,75.70,70.80,
2024-01-12,75.65,75.95,75.30,75.70,70.80,3444011
2024-01-11,75.75,76.00,75.55,75.90,70.99,2105103
2024-01-10,75.55,75.70,75.30,75.55,70.66,2856528
2024-01-09,76.25,76.40,75.80,75.85,70.94,2222119
2024-01-08,75.60,76.20,75.60,75.90,70.99,4169890
2024-01-05,75.55,75.80,75.25,75.35,70.47,2577533
2024-01-04,75.60,75.80,75.45,75.55,70.66,2976905
2024-01-03,76.25,76.25,75.40,75.60,70.71,6382057
2024-01-02,77.15,77.35,76.70,76.90,71.92,2839850
2023-12-29,77.15,77.35,77.00,77.15,72.16,2377629
2023-12-28,77.10,77.25,76.90,77.20,72.20,4817329
2023-12-27,76.65,77.15,76.60,77.10,72.11,6587778
2023-12-26,76.10,76.40,76.05,76.40,71.46,4852451
2023-12-25,75.80,76.15,75.80,76.00,71.08,2948382
2023-12-22,75.70,75.85,75.55,75.65,70.76,3291072
2023-12-21,75.40,75.60,75.25,75.50,70.61,1854310
2023-12-20,76.10,76.25,76.00,76.10,71.18,2462108
2023-12-19,76.10,76.25,75.70,75.95,71.04,3003006
2023-12-18,76.05,76.15,75.60,76.10,71.18,4971625
2023-12-15,76.15,76.30,75.95,76.05,71.13,7678259
2023-12-14,75.70,76.00,75.55,75.80,70.90,7179105
2023-12-13,75.05,75.15,74.95,75.05,70.19,2277424
2023-12-12,75.20,75.30,74.85,74.95,70.10,2055906
2023-12-11,74.70,74.90,74.55,74.80,69.96,1779546
2023-12-08,74.90,75.05,74.60,74.65,69.82,2236745
2023-12-07,74.45,74.55,74.20,74.20,69.40,1590832
2023-12-06,74.40,74.95,74.40,74.60,69.77,4349619
2023-12-05,74.55,74.55,74.05,74.40,69.59,3435279
2023-12-04,75.25,75.35,74.65,74.90,70.05,2217799
2023-12-01,74.80,75.05,74.65,75.05,70.19,2428659
2023-11-30,74.90,74.95,74.50,74.95,70.10,1791284
2023-11-29,75.00,75.35,74.75,74.80,69.96,2314721
2023-11-28,74.25,75.15,74.25,74.85,70.01,2190716
2023-11-27,74.85,75.15,74.20,74.20,69.40,5327343
2023-11-24,75.00,75.05,74.80,74.85,70.01,1631349
2023-11-23,75.00,75.05,74.60,74.90,70.05,1664954
2023-11-22,75.15,75.15,74.75,75.00,70.15,2113003
2023-11-21,75.05,75.60,75.05,75.55,70.66,5219057
2023-11-20,74.75,74.85,74.45,74.65,69.82,3436194
2023-11-17,74.60,75.00,74.55,74.75,69.91,3738079
2023-11-16,74.75,74.90,74.35,74.60,69.77,4257414
2023-11-15,75.30,75.50,74.90,75.30,69.62,5766805
2023-11-14,74.50,74.70,74.35,74.50,68.88,3799971
2023-11-13,74.65,74.90,74.10,74.25,68.65,5978812
2023-11-10,73.20,73.25,73.00,73.15,67.63,3119690
2023-11-09,73.25,73.55,73.15,73.45,67.91,3505534
2023-11-08,72.95,73.50,72.95,73.35,67.82,4009535
2023-11-07,73.00,73.10,72.80,73.00,67.50,1991575
2023-11-06,73.00,73.40,72.90,73.05,67.54,5152446
2023-11-03,72.30,72.45,72.10,72.40,66.94,2882386
2023-11-02,71.15,72.00,71.05,72.00,66.57,3014068
2023-11-01,70.45,70.60,70.10,70.30,65.00,2621039
2023-10-31,70.70,70.75,70.00,70.10,64.81,5322500
2023-10-30,70.65,71.00,70.35,70.55,65.23,4911640
2023-10-27,70.60,70.95,70.60,70.65,65.32,2673523
2023-10-26,70.55,70.80,70.35,70.55,65.23,7870642
2023-10-25,71.70,72.25,71.70,71.70,66.29,3637231
2023-10-24,71.50,71.60,70.95,71.60,66.20,3364799
2023-10-23,72.15,72.15,71.50,71.55,66.16,3164831
2023-10-20,72.10,72.50,71.70,72.35,66.89,3689607
2023-10-19,71.60,72.40,71.60,72.25,66.80,2030342
2023-10-18,72.75,72.75,72.00,72.10,66.66,3552529
2023-10-17,73.20,73.35,72.90,72.90,67.40,1933450
2023-10-16,73.05,73.05,72.70,72.90,67.40,3905422
2023-10-13,73.25,73.50,73.05,73.30,67.77,2335602
2023-10-12,73.00,73.45,72.90,73.45,67.91,3247692
2023-10-11,72.70,73.00,72.55,72.85,67.36,3353580
2023-10-06,71.75,71.90,71.65,71.75,66.34,3514294
2023-10-05,70.90,71.45,70.85,71.40,66.02,2017394
2023-10-04,70.65,70.70,70.20,70.55,65.23,3853349
2023-10-03,71.80,71.80,71.35,71.45,66.06,2383073
2023-10-02,71.45,71.90,71.45,71.80,66.39,2251966
2023-09-28,71.15,71.15,70.55,70.85,65.51,2561556
2023-09-27,70.50,70.70,70.25,70.60,65.28,2674012
2023-09-26,71.20,71.20,70.55,70.60,65.28,5707942
2023-09-25,70.95,71.55,70.95,71.45,66.06,2181051
2023-09-22,70.85,71.00,70.50,70.90,65.55,4141276
2023-09-21,71.55,71.55,71.00,71.10,65.74,7139877
2023-09-20,72.35,72.40,72.00,72.05,66.62,2732510
2023-09-19,72.80,72.85,72.50,72.50,67.03,1899186
2023-09-18,73.20,73.25,72.75,72.80,67.31,4935142
2023-09-15,73.25,73.55,73.20,73.50,67.96,2835965
2023-09-14,72.50,73.25,72.50,73.25,67.73,1696620
2023-09-13,72.25,72.50,72.05,72.25,66.80,1859118
2023-09-12,71.75,72.20,71.45,72.20,66.76,1694811
2023-09-11,71.90,72.00,71.40,71.65,66.25,3960167
2023-09-08,71.95,72.00,71.65,71.90,66.48,2928644
2023-09-07,72.55,72.55,72.10,72.20,66.76,2384671
2023-09-06,73.10,73.35,72.80,72.85,67.36,4127223
2023-09-05,73.10,73.15,72.85,73.10,67.59,1511067
2023-09-04,72.65,73.25,72.50,73.20,67.68,2543759
2023-09-01,72.55,72.95,72.40,72.70,67.22,2230793
2023-08-31,73.10,73.10,72.50,72.60,67.13,1977302
2023-08-30,73.20,73.50,73.05,73.10,67.59,1388643
2023-08-29,72.50,72.75,72.15,72.75,67.26,2329438
2023-08-28,72.15,72.80,72.15,72.40,66.94,3486527
2023-08-25,72.65,72.65,72.05,72.15,66.71,2769907
2023-08-24,73.05,73.50,73.00,73.40,67.87,3940602
2023-08-23,71.70,72.30,71.70,72.20,66.76,2604803
2023-08-22,71.80,71.85,71.45,71.65,66.25,1649178
2023-08-21,71.75,72.00,71.15,71.30,65.92,3340312
2023-08-18,71.80,72.15,71.40,71.55,66.16,3525907
2023-08-17,71.35,72.10,71.00,71.90,66.48,4267754
2023-08-16,71.80,71.90,71.40,71.80,66.39,8488278
2023-08-15,72.35,72.50,71.95,72.10,66.66,3484892
2023-08-14,72.60,72.65,71.75,72.05,66.62,10539582
2023-08-11,73.30,73.60,72.90,72.95,67.45,3833019
2023-08-10,73.35,73.35,72.90,73.10,67.59,5255684
2023-08-09,73.40,73.80,73.10,73.50,67.96,2697665
2023-08-08,74.10,74.10,73.15,73.40,67.87,5397653
2023-08-07,73.70,74.35,73.70,74.10,68.51,4962708
2023-08-04,73.65,73.75,73.35,73.60,68.05,5542871
2023-08-02,74.80,74.85,73.75,74.00,68.42,7204713
2023-08-01,74.50,74.90,74.45,74.85,69.21,2319335
2023-07-31,75.30,75.50,74.15,74.50,68.88,2800980
2023-07-28,74.75,75.00,74.55,74.80,69.16,2749568
2023-07-27,74.70,74.95,74.60,74.75,69.11,2476002
2023-07-26,74.70,74.75,74.25,74.40,68.79,5078377
2023-07-25,73.75,74.70,73.75,74.50,68.88,3893158
2023-07-24,73.55,73.90,73.30,73.70,68.14,3725945
2023-07-21,73.60,73.70,73.10,73.60,68.05,5595959
2023-07-20,74.70,74.95,74.60,74.70,69.07,1614901
2023-07-19,75.10,75.40,74.60,74.70,69.07,3382111
2023-07-18,75.65,75.65,74.95,75.00,69.35,6246779
2023-07-17,76.30,76.60,76.25,76.45,69.44,5006378
2023-07-14,76.00,76.45,76.00,76.30,69.30,3140738
2023-07-13,75.70,76.30,75.65,75.75,68.80,3915764
2023-07-12,74.85,74.95,74.60,74.95,68.07,2905320
2023-07-11,74.20,74.85,74.20,74.85,67.98,1975222
2023-07-10,74.00,74.55,73.70,73.80,67.03,3620772
2023-07-07,73.95,74.35,73.65,74.00,67.21,3824056
2023-07-06,74.90,74.95,74.05,74.25,67.44,7452827
2023-07-05,75.95,76.00,75.45,75.60,68.66,2951727
2023-07-04,75.60,75.90,75.55,75.90,68.94,2692832
2023-07-03,75.10,75.70,75.10,75.60,68.66,2970341
2023-06-30,74.55,74.75,74.15,74.75,67.89,3706517
2023-06-29,75.00,75.50,74.55,74.65,67.80,2876587
2023-06-28,75.00,75.20,74.55,74.65,67.80,3610215
2023-06-27,74.75,75.00,74.50,74.75,67.89,3328776
2023-06-26,75.15,75.25,74.85,75.00,68.12,4877736
2023-06-21,75.30,75.65,75.20,75.45,68.53,5508775
2023-06-20,75.80,75.85,75.35,75.40,68.48,2906795
2023-06-19,75.75,75.95,75.50,75.85,68.89,2898132
2023-06-16,76.10,76.15,75.75,75.90,68.94,3912032
2023-06-15,75.85,76.30,75.85,76.15,69.16,4315819
2023-06-14,75.90,75.90,75.55,75.85,68.89,2160835
2023-06-13,75.30,76.10,75.25,76.00,69.03,6615160
2023-06-12,74.10,74.65,74.10,74.45,67.62,2794118
2023-06-09,73.40,73.95,73.40,73.90,67.12,1772744
2023-06-08,73.90,74.00,73.00,73.25,66.53,2661184
2023-06-07,73.40,74.00,73.40,73.95,67.16,2676849
2023-06-06,72.90,73.45,72.85,73.15,66.44,4858887
2023-06-05,73.10,73.15,72.80,72.90,66.21,4029170
2023-06-02,72.70,73.25,72.65,73.10,66.39,2922355
2023-06-01,72.30,72.45,72.05,72.20,65.58,3287661
2023-05-31,73.15,73.15,72.30,72.80,66.12,4006900
2023-05-30,73.00,73.25,72.95,73.20,66.48,5002568
2023-05-29,73.10,73.80,72.95,73.05,66.35,7128083
2023-05-26,71.65,72.75,71.65,72.70,66.03,9728246
2023-05-25,70.85,71.25,70.75,71.05,64.53,2761133
2023-05-24,70.55,70.55,70.00,70.30,63.85,2961628
2023-05-23,70.65,70.85,70.35,70.65,64.17,3173033
2023-05-22,70.70,70.80,70.50,70.65,64.17,2825722
2023-05-19,70.70,70.95,70.45,70.70,64.21,7681090
2023-05-18,70.15,70.60,70.15,70.55,64.08,5738394
2023-05-17,68.70,69.85,68.70,69.65,63.26,4590222
2023-05-16,68.20,68.80,68.20,68.60,62.31,3109929
2023-05-15,67.70,67.85,67.60,67.80,61.58,4199118
2023-05-12,67.80,67.95,67.60,67.80,61.58,2478843
2023-05-11,68.40,68.50,68.00,68.00,61.76,1846274
2023-05-10,68.70,68.75,68.10,68.30,62.03,2192799
2023-05-09,68.70,68.80,68.45,68.80,62.49,2197106
2023-05-08,68.50,68.80,68.40,68.60,62.31,4785443
2023-05-05,68.05,68.30,67.95,68.20,61.94,1543803
2023-05-04,67.75,68.05,67.55,67.95,61.72,1697321
2023-05-03,67.85,67.95,67.60,67.85,61.62,3290371
2023-05-02,68.00,68.25,67.75,68.05,61.81,3173697
2023-04-28,67.60,68.05,67.60,67.95,61.72,2912071
2023-04-27,67.10,67.45,66.90,67.20,61.03,4685809
2023-04-26,67.60,67.60,66.95,67.05,60.90,9250197
2023-04-25,68.45,68.45,67.55,67.60,61.40,8959381
2023-04-24,68.45,68.60,68.20,68.45,62.17,3710475
2023-04-21,69.05,69.30,68.65,68.70,62.40,3057385
2023-04-20,68.80,69.10,68.65,68.90,62.58,3657218
2023-04-19,69.50,69.60,68.90,69.00,62.67,4173167
2023-04-18,69.75,69.75,69.35,69.50,63.12,2444381
2023-04-17,69.85,69.85,69.40,69.75,63.35,4615563
2023-04-14,69.50,70.00,69.35,69.85,63.44,2271684
2023-04-13,69.60,69.60,69.20,69.20,62.85,3936038
2023-04-12,69.95,69.95,69.55,69.80,63.40,1704400
2023-04-11,69.90,70.15,69.75,69.95,63.53,2047488
2023-04-10,70.05,70.30,69.95,70.05,63.62,2234127
2023-04-07,70.10,70.30,69.95,69.95,63.53,1922216
2023-04-06,70.25,70.25,69.60,70.05,63.62,6049716
2023-03-31,70.30,70.90,70.25,70.25,63.80,3205251
2023-03-30,70.25,70.35,69.80,70.05,63.62,2967616
2023-03-29,69.80,70.00,69.45,69.80,63.40,1688459
2023-03-28,70.00,70.05,69.45,69.60,63.21,2660269
2023-03-27,70.50,70.50,70.00,70.20,63.76,3699054
2023-03-24,70.40,70.65,70.25,70.65,64.17,3657593
2023-03-23,69.70,70.55,69.65,70.25,63.80,4134444
2023-03-22,69.05,69.85,69.05,69.80,63.40,3506762
2023-03-21,68.55,68.75,68.40,68.50,62.22,1649573
2023-03-20,68.65,68.70,68.15,68.20,61.94,2873293
2023-03-17,68.05,68.60,68.05,68.55,62.26,1975527
2023-03-16,67.95,68.00,67.50,67.65,61.44,6338810
2023-03-15,68.50,68.70,68.00,68.00,61.76,2154663
2023-03-14,68.10,68.25,67.85,68.00,61.76,3669599
2023-03-13,68.40,68.75,67.85,68.75,62.44,5815246
2023-03-10,68.90,68.90,68.40,68.55,62.26,4750610
2023-03-09,69.70,69.85,69.50,69.55,63.17,1902810
2023-03-08,69.80,69.80,69.35,69.65,63.26,3537009
2023-03-07,69.75,70.20,69.60,70.10,63.67,4420727
2023-03-06,69.60,69.95,69.35,69.75,63.35,4802142
2023-03-03,69.05,69.45,68.95,69.00,62.67,2322302
2023-03-02,69.05,69.05,68.45,68.85,62.53,2539479
2023-03-01,68.05,69.15,67.75,69.05,62.71,5498577
2023-02-24,69.50,69.50,68.70,68.70,62.40,2533115
2023-02-23,68.15,69.30,68.15,69.05,62.71,1747720
2023-02-22,68.00,68.25,67.75,68.05,61.81,3510829
2023-02-21,68.85,68.85,68.55,68.75,62.44,1699425
2023-02-20,68.70,69.05,68.40,68.85,62.53,2156470
2023-02-17,69.00,69.00,68.55,68.70,62.40,3180518
2023-02-16,69.10,69.80,69.10,69.60,63.21,3373054
2023-02-15,69.50,69.50,68.80,68.85,62.53,4999173
2023-02-14,70.05,70.40,70.05,70.25,63.80,2323569
2023-02-13,69.95,69.95,69.30,69.85,63.44,2737238
2023-02-10,69.80,70.00,69.75,70.00,63.58,2378440
2023-02-09,69.70,69.90,69.55,69.90,63.49,1744345
2023-02-08,69.50,69.95,69.40,69.85,63.44,2560171
2023-02-07,68.90,69.00,68.55,68.85,62.53,2437842
2023-02-06,69.45,69.50,68.90,69.00,62.67,5650391
2023-02-03,69.90,70.00,69.45,69.95,63.53,4188102
2023-02-02,69.60,69.95,69.40,69.95,63.53,3986037
2023-02-01,68.80,69.10,68.55,68.95,62.62,2099151
2023-01-31,69.70,69.70,68.55,68.60,62.31,4484242
2023-01-30,69.30,70.00,69.30,69.75,63.35,8206249
2023-01-17,66.80,66.85,66.55,66.75,60.63,2518932
2023-01-16,66.60,67.05,66.60,66.85,60.72,5037758
2023-01-13,66.50,67.05,66.15,66.30,60.22,5188177
2023-01-12,65.90,65.90,65.40,65.55,59.54,1630625
2023-01-11,65.90,66.00,65.45,65.60,59.58,1796403
2023-01-10,65.60,65.80,65.40,65.75,59.72,4071674
2023-01-09,64.20,65.30,64.20,65.25,59.26,4405321
2023-01-06,62.80,63.45,62.75,63.20,57.40,3349418
2023-01-05,62.70,63.15,62.60,62.80,57.04,1844396
2023-01-04,62.40,62.70,62.25,62.35,56.63,3077969
2023-01-03,61.80,62.70,61.35,62.60,56.86,3198969
2022-12-30,62.40,62.60,62.10,62.10,56.40,1967851
2022-12-29,61.90,61.90,61.40,61.85,56.18,3066527
2022-12-28,62.60,62.60,61.90,62.10,56.40,3624562
2022-12-27,63.00,63.50,63.00,63.10,57.31,1564635
2022-12-26,62.95,63.05,62.75,62.95,57.17,2658250
2022-12-23,62.85,62.95,62.60,62.80,57.04,2496498
2022-12-22,63.00,63.75,63.00,63.70,57.86,1190653
2022-12-21,62.90,63.05,62.55,62.65,56.90,1507145
2022-12-20,63.60,63.70,62.50,62.50,56.77,3704530
2022-12-19,63.65,63.90,63.40,63.60,57.76,1958528
2022-12-16,63.95,64.20,63.50,63.90,58.04,4855441
2022-12-15,64.80,65.05,64.50,65.05,59.08,1498351
2022-12-14,64.30,65.10,64.30,65.00,59.04,1432491
2022-12-13,64.70,64.80,64.00,64.15,58.26,2405518
2022-12-12,64.80,64.80,64.10,64.50,58.58,1884592
2022-12-09,64.50,65.20,64.45,64.95,58.99,1635958
2022-12-08,64.70,64.70,63.65,64.00,58.13,2810546
2022-12-07,64.95,65.55,64.60,64.75,58.81,2225022
2022-12-06,66.05,66.05,65.20,65.20,59.22,4349147
2022-12-05,66.35,66.90,66.25,66.25,60.17,2281720
2022-12-02,66.50,66.60,66.05,66.30,60.22,1901465
2022-12-01,67.00,67.45,66.60,66.75,60.63,3719577
2022-11-30,65.00,65.75,64.95,65.75,59.72,1936507
2022-11-29,64.25,65.20,63.95,65.10,59.13,2638986
2022-11-28,65.10,65.10,64.40,64.70,58.76,4380548
2022-11-25,65.90,66.05,65.70,65.80,59.76,2873428
2022-11-24,65.45,65.90,65.45,65.90,59.85,2899003
2022-11-23,65.20,65.50,65.05,65.30,59.31,2186885
2022-11-22,64.20,64.90,63.85,64.85,58.90,1593647
2022-11-21,64.60,64.85,64.20,64.25,58.35,1815643
2022-11-18,65.05,65.50,64.50,64.55,58.63,2887785
2022-11-17,64.30,64.75,63.80,64.70,58.76,2848556
2022-11-16,65.45,65.55,64.35,64.70,58.76,7194865
2022-11-15,64.00,65.95,64.00,65.80,58.83,7730872
2022-11-14,62.95,63.50,62.85,63.25,56.55,4189900
2022-11-11,62.40,62.55,61.90,62.55,55.92,6319743
2022-11-10,59.60,59.75,59.30,59.45,53.15,2583650
2022-11-09,59.10,60.05,59.00,60.00,53.64,3860810
2022-11-08,58.30,58.65,58.25,58.50,52.30,2569714
2022-11-07,57.50,58.05,57.25,57.85,51.72,4479888
2022-11-04,56.50,56.90,56.10,56.90,50.87,1826728
2022-11-03,56.70,56.90,56.55,56.80,50.78,3148598
2022-11-02,57.30,57.55,57.15,57.50,51.41,1590855
2022-11-01,56.90,57.55,56.85,57.25,51.18,2741394
2022-10-31,56.85,57.20,56.35,56.95,50.92,2641038
2022-10-28,56.65,56.65,55.90,56.20,50.24,3592282
2022-10-27,56.65,57.10,56.65,56.90,50.87,2040749
2022-10-26,55.75,56.35,55.55,56.15,50.20,4293717
2022-10-25,56.65,56.65,55.50,55.50,49.62,5716914
2022-10-24,57.85,57.85,56.75,56.75,50.74,3479509
2022-10-21,57.10,57.35,56.70,56.75,50.74,2096496
2022-10-20,56.55,57.10,55.95,57.10,51.05,4074260
2022-10-19,58.00,58.10,57.25,57.25,51.18,4069023
2022-10-18,58.35,58.35,57.45,58.00,51.85,3016565
2022-10-17,57.45,57.55,56.95,57.30,51.23,5674351
2022-10-14,58.30,58.80,58.15,58.45,52.26,4116931
2022-10-13,57.75,57.75,56.85,56.85,50.83,5052210
2022-10-12,57.80,57.85,57.20,57.55,51.45,5043305
2022-10-11,58.80,58.80,57.85,57.90,51.76,11291914
2022-10-07,61.70,61.70,60.95,60.95,54.49,3153396
2022-10-06,61.95,62.15,61.75,62.00,55.43,4168200
2022-10-05,61.15,62.00,61.15,61.55,55.03,3625832
2022-10-04,60.00,60.20,59.80,60.05,53.69,3128140
2022-10-03,58.90,59.50,58.60,58.70,52.48,4911630
2022-09-30,59.50,59.70,59.20,59.35,53.06,4855088
2022-09-29,60.90,61.15,60.00,60.20,53.82,4353543
2022-09-28,61.85,61.85,60.40,60.40,54.00,6782566
2022-09-27,62.00,62.10,61.50,61.70,55.16,3776226
2022-09-26,62.35,62.35,61.65,61.80,55.25,9682397
2022-09-23,63.50,63.55,63.00,63.00,56.32,5778289
2022-09-22,63.70,63.75,63.10,63.70,56.95,5438634
2022-09-21,64.80,64.85,64.45,64.50,57.67,2519575
2022-09-20,64.80,65.15,64.60,65.00,58.11,1773809
2022-09-19,65.10,65.10,64.40,64.45,57.62,3340524
2022-09-16,64.95,65.00,64.75,64.85,57.98,4574789
2022-09-15,65.40,65.80,65.20,65.50,58.56,2003463
2022-09-14,65.20,65.60,65.00,65.40,58.47,3084709
2022-09-13,66.70,66.90,66.55,66.70,59.63,2066321
2022-09-12,66.05,66.55,66.05,66.35,59.32,2241353
2022-09-08,65.10,65.10,64.70,65.00,58.11,2632712
2022-09-07,65.25,65.25,64.65,64.65,57.80,5625893
2022-09-06,66.10,66.40,65.75,66.10,59.10,3410389
2022-09-05,65.75,66.05,65.45,65.70,58.74,3006118
2022-09-02,66.35,66.35,65.70,65.70,58.74,4756536
2022-09-01,66.55,66.60,66.15,66.30,59.27,6606157
2022-08-31,66.90,67.75,66.65,67.70,60.53,2458381
2022-08-30,67.20,67.50,66.95,67.25,60.12,4365980
2022-08-29,66.95,67.45,66.80,67.25,60.12,6601313
2022-08-26,69.00,69.20,68.80,68.85,61.55,3364686
2022-08-25,68.40,68.65,68.20,68.50,61.24,1427595
2022-08-24,68.20,68.50,67.75,67.90,60.70,2354301
2022-08-23,68.35,68.50,68.05,68.10,60.88,3436726
2022-08-22,69.40,69.40,69.00,69.15,61.82,1747000
2022-08-19,69.95,70.30,69.60,69.95,62.54,1581701
2022-08-18,70.00,70.00,69.60,69.80,62.40,2329713
2022-08-17,70.25,70.40,70.10,70.40,62.94,1590385
2022-08-16,70.25,70.40,70.10,70.25,62.81,3073014
2022-08-15,69.90,70.25,69.75,70.20,62.76,2651737
2022-08-12,69.20,69.65,69.20,69.55,62.18,2061529
2022-08-11,69.00,69.30,68.75,69.05,61.73,2604130
2022-08-10,67.85,68.00,67.70,67.80,60.62,1943364
2022-08-09,68.10,68.75,67.85,68.45,61.20,2760711
2022-08-08,68.50,68.65,68.10,68.60,61.33,3388605
2022-08-05,67.90,68.75,67.85,68.75,61.46,2298218
2022-08-04,67.00,67.20,66.30,67.10,59.99,2375534
2022-08-03,66.60,66.95,66.45,66.90,59.81,2109711
2022-08-02,66.95,67.00,66.20,66.60,59.54,4565308
2022-08-01,67.90,67.90,67.35,67.70,60.53,2182787
2022-07-29,68.05,68.20,67.65,67.90,60.70,2126976
2022-07-28,68.00,68.00,67.30,67.30,60.17,2188270
2022-07-27,66.55,67.10,66.15,67.10,59.99,1464070
2022-07-26,67.10,67.15,66.40,66.55,59.50,3525656
2022-07-25,66.95,67.40,66.70,67.20,60.08,1896969
2022-07-22,67.20,67.40,66.85,67.25,60.12,2022151
2022-07-21,66.20,66.95,66.05,66.95,59.86,1601690
2022-07-20,66.95,66.95,65.95,66.00,59.01,2317543
2022-07-19,65.55,65.90,65.25,65.80,58.83,2559332
2022-07-18,66.20,66.20,65.55,65.75,58.78,5331895
2022-07-15,66.20,66.90,65.85,66.80,58.61,3997318
2022-07-14,65.30,66.15,64.70,65.80,57.73,3845825
2022-07-13,65.65,65.75,65.15,65.60,57.55,4409508
2022-07-12,64.70,64.70,63.25,63.50,55.71,2654584
2022-07-11,65.65,65.85,64.85,65.05,57.07,1826091
2022-07-08,65.90,65.95,65.10,65.55,57.51,2783636
2022-07-07,63.40,65.05,62.90,64.85,56.89,2348584
2022-07-06,64.15,64.25,62.95,63.10,55.36,4941441
2022-07-05,64.90,65.05,63.00,64.15,56.28,5744913
2022-07-04,64.45,64.75,63.50,63.65,55.84,6096636
2022-07-01,66.65,66.65,64.45,64.45,56.54,8955710
2022-06-30,67.80,67.80,66.60,66.75,58.56,5206626
2022-06-29,68.25,68.90,68.25,68.30,59.92,2101057
2022-06-28,69.45,69.45,68.70,69.00,60.54,1402489
2022-06-27,69.00,70.00,69.00,69.50,60.97,3156555
2022-06-24,68.35,68.70,67.90,68.00,59.66,1675871
2022-06-23,68.80,69.20,67.60,67.80,59.48,5166733
2022-06-22,70.00,70.00,68.80,68.80,60.36,3436344
2022-06-21,69.55,70.25,69.35,70.25,61.63,1793635
2022-06-20,69.80,69.85,69.00,69.00,60.54,5090993
2022-06-17,69.85,70.00,69.50,69.80,61.24,4926310
2022-06-16,71.60,72.05,70.55,70.60,61.94,3865806
2022-06-15,71.05,71.25,70.80,70.80,62.11,2372968
2022-06-14,70.75,71.30,70.40,71.25,62.51,2948502
2022-06-13,71.60,71.65,71.30,71.35,62.60,3531769
2022-06-10,73.00,73.45,72.80,73.35,64.35,1337370
2022-06-09,73.85,74.10,73.70,73.95,64.88,702958
2022-06-08,74.00,74.55,74.00,74.20,65.10,1386963
2022-06-07,73.55,73.65,73.10,73.35,64.35,1966573
2022-06-06,73.70,74.45,73.40,74.20,65.10,2852729
2022-06-02,73.80,73.95,73.50,73.70,64.66,1561810
2022-06-01,74.40,75.00,74.30,74.40,65.27,2793278
2022-05-31,73.90,74.50,73.40,74.50,65.36,1901332
2022-05-30,73.10,74.00,73.10,73.95,64.88,1701364
2022-05-27,71.45,72.30,71.45,72.30,63.43,1244962
2022-05-26,71.95,72.00,70.75,70.75,62.07,3005872
2022-05-25,71.45,71.85,71.15,71.60,62.82,1008173
2022-05-24,72.00,72.05,71.10,71.10,62.38,1188139
2022-05-23,72.05,72.40,71.65,72.00,63.17,1341683
2022-05-20,71.25,72.00,71.25,71.85,63.04,976751
2022-05-19,71.20,71.25,70.70,71.10,62.38,2660150
2022-05-18,72.30,72.65,72.00,72.35,63.47,2191831
2022-05-17,71.00,71.70,71.00,71.55,62.77,1461539
2022-05-16,71.30,71.50,70.60,70.80,62.11,3365046
2022-05-13,70.05,70.55,70.00,70.50,61.85,1961825
2022-05-12,71.00,71.00,69.80,69.80,61.24,5309459
2022-05-11,71.45,71.80,71.10,71.50,62.73,1975288
2022-05-10,70.70,71.55,70.10,71.50,62.73,5133457
2022-05-09,72.10,72.15,71.70,71.70,62.90,4062824
2022-05-06,72.85,73.15,72.60,73.00,64.04,5288697
2022-05-05,74.70,74.95,74.20,74.40,65.27,1696513
2022-05-04,73.60,74.00,73.55,73.65,64.62,2239802
2022-05-03,74.30,74.30,73.40,73.50,64.48,3105284
2022-04-29,74.50,74.60,73.90,74.25,65.14,5668334
2022-04-28,73.20,73.40,72.55,73.25,64.26,3175299
2022-04-27,73.10,73.20,72.70,72.80,63.87,7343083
2022-04-26,74.55,74.80,74.20,74.40,65.27,4498522
2022-04-25,74.70,74.80,74.20,74.45,65.32,7214535
2022-04-22,75.50,75.95,75.40,75.95,66.63,2898893
2022-04-21,76.65,76.95,76.35,76.35,66.98,1382269
2022-04-20,76.40,76.45,75.90,76.35,66.98,1858925
2022-04-19,76.00,76.60,76.00,76.00,66.68,1545301
2022-04-18,75.70,76.20,75.50,75.65,66.37,5593854
2022-04-15,76.55,76.65,76.15,76.15,66.81,3892112
2022-04-14,77.95,77.95,77.45,77.50,67.99,1352356
2022-04-13,76.70,77.80,76.70,77.70,68.17,2093500
2022-04-12,76.05,76.65,75.70,76.30,66.94,3956666
2022-04-11,77.30,77.35,76.25,76.35,66.98,4491163
2022-04-08,77.35,77.50,77.10,77.35,67.86,2390580
2022-04-07,77.75,78.00,77.25,77.30,67.82,4444195
2022-04-06,78.15,78.65,77.80,78.55,68.91,3995293
2022-04-01,78.70,78.95,78.50,78.95,69.27,1457603
2022-03-31,79.80,79.90,79.55,79.60,69.84,1083473
2022-03-30,79.85,79.90,79.55,79.75,69.97,1935365
2022-03-29,78.70,79.10,78.65,78.85,69.18,1117692
2022-03-28,78.95,78.95,78.15,78.75,69.09,4515881
2022-03-25,79.45,79.70,79.40,79.65,69.88,1381870
2022-03-24,79.30,79.55,79.00,79.45,69.70,1097391
2022-03-23,79.20,79.70,79.20,79.55,69.79,2472632
2022-03-22,78.80,78.85,78.50,78.70,69.05,2284373
2022-03-21,78.70,79.20,78.70,78.80,69.13,2592543
2022-03-18,78.60,78.60,78.00,78.30,68.69,1652556
2022-03-17,77.95,78.65,77.75,78.60,68.96,3456415
2022-03-16,76.60,76.65,75.65,76.10,66.76,6275801
2022-03-15,76.75,76.75,75.70,75.85,66.55,7232312
2022-03-14,77.85,78.00,77.10,77.30,67.82,3859396
2022-03-11,78.30,78.30,77.35,77.55,68.04,3026901
2022-03-10,77.95,78.60,77.90,78.50,68.87,3687947
2022-03-09,76.15,76.75,76.15,76.30,66.94,5163842
2022-03-08,76.60,76.80,75.85,75.90,66.59,14740259
2022-03-07,79.00,79.00,77.70,78.45,68.83,13284933
2022-03-04,80.00,80.00,79.50,79.70,69.92,5320416
2022-03-03,80.80,80.95,80.50,80.55,70.67,1596148
2022-03-02,80.70,80.70,80.15,80.45,70.58,2079058
2022-03-01,80.20,81.15,80.05,80.80,70.89,4317516
2022-02-25,79.95,80.20,79.50,79.85,70.05,6105172
2022-02-24,81.15,81.15,79.90,79.90,70.10,10060846
2022-02-23,81.75,82.05,81.60,81.85,71.81,1784673
2022-02-22,82.25,82.25,81.35,81.75,71.72,5716973
2022-02-21,82.45,82.90,82.30,82.80,72.64,1237169
2022-02-18,82.65,83.05,82.40,82.95,72.77,1102201
2022-02-17,83.35,83.50,82.90,83.25,73.04,1596022
2022-02-16,82.90,83.30,82.90,83.30,73.08,2632770
2022-02-15,82.15,82.50,81.90,82.00,71.94,2229892
2022-02-14,82.85,82.85,82.00,82.30,72.20,2997069
2022-02-11,83.50,83.55,82.95,83.45,73.21,1229566
2022-02-10,82.70,83.60,82.70,83.60,73.34,1454739
2022-02-09,82.50,82.60,82.15,82.55,72.42,1839177
2022-02-08,82.50,82.60,82.20,82.20,72.12,2642122
2022-02-07,82.05,82.15,81.30,81.95,71.90,5595862
2022-01-26,81.55,81.80,81.30,81.40,71.41,8960906
2022-01-25,82.55,82.55,81.35,81.65,71.63,4865673
2022-01-24,81.80,82.90,81.55,82.90,72.73,2680815
2022-01-21,82.60,82.65,81.85,82.00,71.94,4862117
2022-01-20,83.45,83.90,82.95,83.75,73.48,1886897
2022-01-19,83.70,84.10,83.30,83.45,73.21,3415565
2022-01-18,85.45,85.45,84.40,84.45,74.09,3377008
2022-01-17,84.95,85.70,84.95,85.45,74.97,3436807
2022-01-14,85.00,85.05,83.90,84.60,74.22,4410378
2022-01-13,84.35,84.75,84.20,84.60,74.22,2225677
2022-01-12,84.00,84.20,83.65,84.20,73.87,2104664
2022-01-11,83.05,83.45,82.55,83.30,73.08,4138632
2022-01-10,82.15,83.10,81.85,82.90,72.73,2041497
2022-01-07,83.65,83.95,82.50,82.70,72.56,3765252
2022-01-06,84.10,84.10,83.05,83.45,73.21,4551463
2022-01-05,84.45,84.75,84.10,84.50,74.13,15319606
2022-01-04,83.00,84.10,83.00,84.10,73.78,2950756
2022-01-03,82.15,82.85,82.15,82.35,72.25,2093833
2021-12-30,82.00,82.05,81.70,81.85,71.81,1645356
2021-12-29,81.80,82.15,81.75,82.00,71.94,2213453
2021-12-28,81.20,81.75,81.20,81.70,71.68,2550774
2021-12-27,80.50,81.20,80.50,81.05,71.11,2579489
2021-12-24,80.50,80.85,80.40,80.45,70.58,2384082
2021-12-23,80.30,80.65,80.30,80.40,70.54,1868041
2021-12-22,79.85,80.00,79.85,79.95,70.14,1167500
2021-12-21,79.25,80.00,79.25,79.85,70.05,1491314
2021-12-20,79.85,79.95,79.15,79.25,69.53,1760367
2021-12-17,79.75,80.05,79.50,79.95,70.14,1313076
2021-12-16,79.80,80.05,79.60,79.95,70.14,2304454
2021-12-15,78.80,79.25,78.75,79.00,69.31,1736057
2021-12-14,79.30,79.30,78.85,79.00,69.31,2193214
2021-12-13,80.00,80.30,79.70,79.70,69.92,1289867
2021-12-10,79.90,80.05,79.65,80.00,70.19,1071718
2021-12-09,80.30,80.30,79.80,80.25,70.41,1628135
2021-12-08,80.60,80.85,80.15,80.20,70.36,2150128
2021-12-07,79.75,79.95,79.20,79.95,70.14,1500158
2021-12-06,79.45,80.10,79.00,79.75,69.97,2250859
2021-12-03,80.00,80.10,79.45,79.85,70.05,1301500
2021-12-02,79.00,80.00,78.85,79.90,70.10,2071876
2021-12-01,78.00,79.15,77.95,79.00,69.31,1752387
2021-11-30,78.45,78.75,77.75,77.90,68.34,3859651
2021-11-29,77.90,78.40,77.60,77.80,68.26,3641683
2021-11-26,78.75,78.90,78.00,78.10,68.52,6029927
2021-11-25,79.25,79.35,78.90,79.25,69.53,876021
2021-11-24,79.65,79.65,79.00,79.25,69.53,1215391
2021-11-23,79.95,79.95,79.45,79.65,69.88,1856196
2021-11-22,80.45,80.50,80.20,80.30,70.45,829436
2021-11-19,80.80,80.95,80.40,80.45,70.58,1703315
2021-11-18,80.00,80.20,79.80,80.20,70.36,867006
2021-11-17,79.75,79.85,79.50,79.70,69.92,1439054
2021-11-16,79.55,79.65,79.30,79.55,69.79,2714308
2021-11-15,80.60,81.05,80.60,80.90,69.54,1497599
2021-11-12,80.30,80.75,80.10,80.20,68.93,1587372
2021-11-11,80.00,80.20,79.70,79.85,68.63,1739322
2021-11-10,80.75,80.75,80.30,80.50,69.19,1819869
2021-11-09,80.60,81.15,80.60,80.75,69.41,2702723
2021-11-08,79.40,80.10,79.40,80.05,68.81,2373564
2021-11-05,78.75,79.40,78.75,79.40,68.25,1792761
2021-11-04,79.05,79.15,78.25,78.40,67.39,1203375
2021-11-03,78.60,78.90,78.55,78.65,67.60,853699
2021-11-02,78.60,79.20,78.30,78.40,67.39,1163863
2021-11-01,78.40,78.70,78.30,78.45,67.43,844198
2021-10-29,78.70,78.70,77.90,78.15,67.17,1219326
2021-10-28,78.95,79.00,78.50,78.80,67.73,1281578
2021-10-27,78.95,79.00,78.55,79.00,67.90,762865
2021-10-26,78.40,79.20,78.40,79.00,67.90,2376903
2021-10-25,78.20,78.45,77.70,78.30,67.30,1595520
2021-10-22,78.35,78.55,78.00,78.45,67.43,973313
2021-10-21,78.65,79.20,78.25,78.35,67.34,1850080
2021-10-20,78.70,78.95,78.55,78.55,67.52,1073000
2021-10-19,78.35,78.85,78.10,78.65,67.60,952383
2021-10-18,78.70,78.75,78.00,78.05,67.09,1849762
2021-10-15,77.35,78.40,77.20,78.35,67.34,2092430
2021-10-14,76.75,76.90,76.10,76.30,65.58,750221
2021-10-13,76.65,76.75,76.00,76.15,65.45,1501761
2021-10-12,76.20,76.60,75.75,76.50,65.75,2028021
2021-10-08,77.90,77.95,77.10,77.25,66.40,1203004
2021-10-07,77.00,77.95,76.95,77.75,66.83,1309243
2021-10-06,76.85,77.00,76.00,76.35,65.63,4025338
2021-10-05,75.80,76.60,75.45,76.40,65.67,4732197
2021-10-04,77.80,77.80,76.50,76.70,65.93,4439657
2021-10-01,78.25,78.25,77.00,77.45,66.57,4682999
2021-09-30,78.60,78.85,77.85,78.55,67.52,2269238
2021-09-29,78.65,78.75,78.25,78.60,67.56,3204273
2021-09-28,80.05,80.05,79.50,79.90,68.68,939828
2021-09-27,80.25,80.70,80.05,80.40,69.11,2140618
2021-09-24,79.85,80.20,79.80,80.20,68.93,1409573
2021-09-23,79.10,79.65,79.10,79.40,68.25,1538916
2021-09-22,78.70,78.90,78.15,78.80,67.73,5022797
2021-09-17,80.40,81.05,80.05,80.55,69.24,1260508
2021-09-16,80.60,81.00,80.15,80.50,69.19,2619368
2021-09-15,81.05,81.10,80.50,80.60,69.28,1164446
2021-09-14,81.15,81.45,81.00,81.20,69.79,848232
2021-09-13,81.35,81.35,80.85,81.05,69.67,1102250
2021-09-10,80.60,81.45,80.60,81.40,69.97,900299
2021-09-09,80.20,80.80,79.85,80.60,69.28,1901827
2021-09-08,81.35,81.35,80.15,80.65,69.32,2231921
2021-09-07,81.80,81.80,81.00,81.25,69.84,1379624
2021-09-06,81.20,82.35,81.20,81.60,70.14,3440200
2021-09-03,80.50,81.35,80.50,81.20,69.79,2504279
2021-09-02,80.90,81.10,80.20,80.20,68.93,1581941
2021-09-01,80.80,81.00,80.50,80.90,69.54,1619938
2021-08-31,80.20,80.80,79.35,80.80,69.45,2066349
2021-08-30,79.80,80.15,79.65,80.15,68.89,3549273
2021-08-27,78.75,79.60,78.60,79.50,68.33,1960221
2021-08-26,79.20,79.40,78.40,78.75,67.69,2418792
2021-08-25,77.65,78.35,77.65,78.35,67.34,1907653
2021-08-24,77.75,77.75,77.30,77.40,66.53,1185574
2021-08-23,76.00,77.35,76.00,77.05,66.23,1916148
2021-08-20,75.90,76.20,74.80,75.20,64.64,3881106
2021-08-19,77.35,77.35,75.90,75.95,65.28,5234158
2021-08-18,76.45,77.70,76.10,77.70,66.79,2701959
2021-08-17,77.80,77.80,77.20,77.20,66.36,1855485
2021-08-16,78.05,78.10,77.55,77.80,66.87,3524129
2021-08-13,78.85,78.85,77.95,78.10,67.13,2227756
2021-08-12,79.00,79.00,78.60,78.75,67.69,1326506
2021-08-11,79.10,79.20,78.55,79.00,67.90,1993405
2021-08-10,79.65,79.85,79.00,79.10,67.99,975989
2021-08-09,79.65,79.65,78.75,79.65,68.46,1490549
2021-08-06,79.95,80.00,79.30,79.80,68.59,1959717
2021-08-05,80.05,80.10,79.90,79.95,68.72,841913
2021-08-04,79.70,80.15,79.60,80.00,68.76,1662312
2021-08-03,79.45,79.60,79.20,79.60,68.42,1747135
2021-08-02,78.55,79.50,78.30,79.50,68.33,2148960
2021-07-30,78.70,78.70,78.25,78.30,67.30,838155
2021-07-29,78.50,78.70,77.90,78.70,67.65,1236688
2021-07-28,78.10,78.60,77.05,78.60,67.56,3857094
2021-07-27,78.75,78.80,78.30,78.35,67.34,2274043
2021-07-26,79.30,79.40,78.40,78.50,67.47,3015863
2021-07-23,79.40,79.55,78.90,79.05,67.95,1267003
2021-07-22,79.00,79.65,78.95,79.15,68.03,794994
2021-07-21,79.05,79.30,78.30,78.65,67.60,2081338
2021-07-20,79.25,79.25,78.50,78.75,67.69,2133268
2021-07-19,79.70,79.70,79.00,79.50,68.33,1751460
2021-07-16,79.90,80.30,79.65,80.15,68.89,2598065
2021-07-15,80.65,81.25,80.65,81.25,69.57,1575877
2021-07-14,80.65,81.00,80.25,80.65,69.05,1433305
2021-07-13,80.30,80.90,80.15,80.35,68.80,2552967
2021-07-12,80.10,80.50,79.50,79.85,68.37,2756621
2021-07-09,79.60,79.60,78.55,78.95,67.60,4102778
2021-07-08,80.45,80.45,79.50,79.85,68.37,844275
2021-07-07,80.30,80.30,79.70,80.00,68.50,759302
2021-07-06,80.35,80.70,80.35,80.40,68.84,2267583
2021-07-05,79.90,80.45,79.90,80.30,68.75,1548029
2021-07-02,79.75,79.85,79.40,79.50,68.07,815980
2021-07-01,79.80,80.05,79.45,79.60,68.15,1368597
2021-06-30,79.50,80.05,79.50,79.90,68.41,1438979
2021-06-29,79.40,79.55,79.10,79.30,67.90,1269634
2021-06-28,78.90,79.30,78.65,79.20,67.81,2105008
2021-06-25,79.25,79.50,78.75,78.90,67.56,2145584
2021-06-24,78.80,78.95,78.55,78.65,67.34,1058099
2021-06-23,77.95,79.00,77.60,78.80,67.47,2775307
2021-06-22,78.15,78.15,77.35,77.35,66.23,1386026
2021-06-21,78.90,78.90,77.45,77.50,66.36,3320918
2021-06-18,79.80,79.80,79.20,79.20,67.81,1177978
2021-06-17,79.45,79.60,78.90,79.60,68.15,1053359
2021-06-16,79.80,79.85,79.60,79.70,68.24,2097229
2021-06-15,79.60,79.95,79.60,79.80,68.33,1137005
2021-06-11,79.40,79.85,79.30,79.40,67.98,2058815
2021-06-10,77.95,79.20,77.95,79.10,67.73,2165962
2021-06-09,78.10,78.20,77.45,77.75,66.57,1778160
2021-06-08,78.90,78.95,78.30,78.35,67.08,1817580
2021-06-07,78.70,79.00,77.25,78.75,67.43,2413800
2021-06-04,78.50,78.65,78.30,78.60,67.30,870106
2021-06-03,79.10,79.45,79.00,79.10,67.73,1126565
2021-06-02,79.10,79.20,78.55,78.85,67.51,870621
2021-06-01,78.90,79.35,78.80,79.10,67.73,974726
2021-05-31,78.15,79.10,78.15,78.90,67.56,1515873
2021-05-28,77.60,78.15,77.30,78.05,66.83,1612578
2021-05-27,76.80,77.00,76.20,77.00,65.93,1222122
2021-05-26,77.55,77.90,77.10,77.55,66.40,1936001
2021-05-25,76.50,77.60,76.50,77.50,66.36,1578868
2021-05-24,75.90,76.25,75.40,76.05,65.11,1142308
2021-05-21,76.05,76.80,75.35,76.05,65.11,1322719
2021-05-20,75.40,75.70,74.65,75.20,64.39,1535006
2021-05-19,76.00,76.25,75.15,75.40,64.56,1694437
2021-05-18,73.40,76.05,73.35,75.95,65.03,2602208
2021-05-17,72.00,73.90,71.50,72.55,62.12,5622825
2021-05-14,73.50,74.85,73.50,74.10,63.45,2669708
2021-05-13,73.60,74.75,71.90,73.10,62.59,5854309
2021-05-12,76.40,76.40,73.30,75.80,64.90,6575857
2021-05-11,77.95,78.05,77.00,77.10,66.01,4387966
2021-05-10,80.10,80.10,79.30,79.45,68.03,1244973
2021-05-07,79.30,80.10,79.15,80.10,68.58,1619471
2021-05-06,78.20,79.20,78.05,78.80,67.47,3749737
2021-05-05,78.60,78.85,78.05,78.05,66.83,1941863
2021-05-04,79.35,79.40,77.65,78.80,67.47,2767746
2021-05-03,80.65,80.65,79.30,79.35,67.94,2314565
2021-04-29,81.05,81.35,80.65,80.75,69.14,1307902
2021-04-28,80.85,80.85,80.35,80.55,68.97,1296596
2021-04-27,81.00,81.10,80.65,80.90,69.27,940785
2021-04-26,80.25,81.15,80.25,81.00,69.35,2650559
2021-04-23,79.05,79.80,78.85,79.80,68.33,996610
2021-04-22,79.50,79.95,79.00,79.05,67.68,1195212
2021-04-21,80.00,80.00,79.25,79.30,67.90,1148594
2021-04-20,80.00,80.15,79.65,80.15,68.63,889517
2021-04-19,80.00,80.05,79.70,80.00,68.50,1045512
2021-04-16,79.95,80.00,79.50,80.00,68.50,2360392
2021-04-15,79.20,80.00,79.10,80.00,68.50,1524008
2021-04-14,78.80,79.20,78.20,79.20,67.81,1773344
2021-04-13,78.80,79.60,78.70,78.80,67.47,1235041
2021-04-12,79.50,79.50,78.55,78.80,67.47,1151637
2021-04-09,79.50,79.60,79.10,79.15,67.77,1066746
2021-04-08,79.00,79.45,78.50,79.40,67.98,1427824
2021-04-07,79.00,79.10,78.75,79.10,67.73,1097415
2021-04-01,77.65,78.00,77.65,77.90,66.70,1412957
2021-03-31,77.95,77.95,77.35,77.35,66.23,1947879
2021-03-30,77.85,78.00,77.60,77.95,66.74,1543622
2021-03-29,78.00,78.00,77.55,77.70,66.53,1605653
2021-03-26,76.05,77.30,76.05,77.20,66.10,2470241
2021-03-25,75.60,76.20,75.15,75.85,64.94,2389144
2021-03-24,75.70,76.10,75.40,75.60,64.73,1910240
2021-03-23,76.90,77.35,76.65,76.70,65.67,1090033
2021-03-22,76.35,76.85,75.70,76.75,65.71,1681517
2021-03-19,76.80,76.80,76.15,76.35,65.37,3084075
2021-03-18,77.45,78.15,77.45,77.45,66.31,2124821
2021-03-17,77.90,78.00,77.00,77.20,66.10,1596705
2021-03-16,77.70,78.00,77.45,77.90,66.70,2096413
2021-03-15,77.60,77.65,77.25,77.50,66.36,1224210
2021-03-12,77.90,77.95,77.25,77.60,66.44,1446367
2021-03-11,75.90,77.40,75.90,77.30,66.19,1555905
2021-03-10,75.85,76.25,75.55,75.75,64.86,1454868
2021-03-09,75.05,75.65,74.65,75.50,64.64,2204339
2021-03-08,76.50,76.90,75.60,75.65,64.77,3115303
2021-03-05,75.30,76.20,74.40,75.70,64.82,2675045
2021-03-04,77.20,77.20,75.90,76.40,65.41,4165390
2021-03-03,76.75,78.00,76.30,78.00,66.78,1575818
2021-03-02,78.15,78.15,76.75,76.75,65.71,2876578
2021-02-26,77.80,78.10,77.05,77.45,66.31,5251221
2021-02-25,79.20,79.30,78.55,79.10,67.73,1746852
2021-02-24,78.95,79.40,78.30,78.30,67.04,2400157
2021-02-23,79.60,79.70,78.60,79.60,68.15,2159912
2021-02-22,80.55,80.85,79.80,79.90,68.41,2513442
2021-02-19,80.35,80.35,79.30,79.95,68.45,2376910
2021-02-18,80.90,81.35,80.30,80.70,69.10,2164908
2021-02-17,80.20,81.10,79.85,80.80,69.18,4420471
2021-02-05,77.80,78.20,77.30,77.60,66.44,2047257
2021-02-04,76.70,77.30,76.20,76.85,65.80,1796820
2021-02-03,77.95,78.00,77.20,77.40,66.27,1944768
2021-02-02,76.30,77.70,76.30,77.35,66.23,2279181
2021-02-01,73.60,75.25,73.25,75.20,64.39,2482464
2021-01-29,75.90,76.00,73.55,73.55,62.97,2404804
2021-01-28,75.30,75.65,74.60,74.90,64.13,3043928
2021-01-27,76.75,77.35,76.20,76.50,65.50,2400852
2021-01-26,78.20,78.60,76.05,76.55,65.54,3990137
2021-01-25,79.05,79.05,77.30,78.30,67.04,2904901
2021-01-22,79.00,80.00,78.90,79.20,67.81,2530331
2021-01-21,77.85,80.60,77.85,80.20,68.67,2749854
2021-01-20,77.75,78.65,77.60,77.85,66.66,2744566
2021-01-19,76.25,77.65,76.20,77.50,66.36,2159333
2021-01-18,75.50,75.90,74.15,75.65,64.77,2731046
2021-01-15,77.00,77.70,75.55,75.55,64.69,2661907
2021-01-14,76.00,76.00,75.05,75.30,64.47,2327883
2021-01-13,75.00,76.05,74.85,76.00,65.07,2130897
2021-01-12,74.35,74.95,74.05,74.45,63.74,2211531
2021-01-11,74.00,74.35,73.50,74.35,63.66,2637910
2021-01-08,73.75,74.15,73.10,74.10,63.45,1816213
2021-01-07,71.25,72.65,71.25,72.40,61.99,1632982
2021-01-06,70.75,71.65,70.10,70.80,60.62,2741899
2021-01-05,70.00,70.25,69.70,70.25,60.15,1943317
2021-01-04,68.75,70.30,68.75,70.00,59.93,1034794
2020-12-31,68.50,68.80,68.40,68.75,58.86,1314561
2020-12-30,67.45,68.30,67.40,68.30,58.48,1110551
2020-12-29,67.50,67.60,67.20,67.40,57.71,1605978
2020-12-28,66.80,67.50,66.80,67.45,57.75,2220679
2020-12-25,66.85,67.15,66.70,66.80,57.19,1126834
2020-12-24,66.45,66.80,66.45,66.65,57.07,1520890
2020-12-23,66.15,66.40,66.00,66.40,56.85,768096
2020-12-22,66.70,67.00,66.20,66.20,56.68,2011916
2020-12-21,66.35,67.05,66.00,67.05,57.41,1828645
2020-12-18,66.40,66.60,66.25,66.35,56.81,1654736
2020-12-17,66.65,66.75,66.20,66.55,56.98,1628160
2020-12-16,66.05,66.80,66.05,66.65,57.07,2313932
2020-12-15,66.35,66.50,65.65,65.75,56.30,2002594
2020-12-14,66.70,66.75,66.35,66.50,56.94,1797304
2020-12-11,66.70,66.85,65.95,66.70,57.11,1873333
2020-12-10,67.00,67.05,66.30,66.65,57.07,2718095
2020-12-09,67.35,67.60,67.25,67.30,57.62,1538293
2020-12-08,66.50,67.45,66.25,67.30,57.62,1904326
2020-12-07,66.55,66.65,65.95,66.45,56.90,2755912
2020-12-04,64.85,65.70,64.85,65.70,56.25,1535072
2020-12-03,64.95,65.15,64.55,64.80,55.48,2237022
2020-12-02,64.55,64.85,64.40,64.80,55.48,1326043
2020-12-01,63.90,64.25,63.70,64.15,54.93,1093606
2020-11-30,64.65,64.80,63.65,63.65,54.50,2297847
2020-11-27,64.45,64.60,64.20,64.45,55.18,1763126
2020-11-26,64.00,64.70,64.00,64.45,55.18,2311888
2020-11-25,64.90,64.90,63.95,63.95,54.75,2111594
2020-11-24,64.90,64.95,64.50,64.55,55.27,2185933
2020-11-23,64.30,65.15,64.30,64.80,55.48,1801024
2020-11-20,64.00,64.15,63.90,64.00,54.80,2004851
2020-11-19,64.45,64.45,64.05,64.20,54.97,1850558
2020-11-18,63.70,64.50,63.70,64.50,55.23,1818118
2020-11-17,64.65,65.20,63.70,63.70,54.54,2639657
2020-11-16,63.15,64.65,63.15,64.50,54.25,2738191
2020-11-13,62.30,62.50,62.10,62.50,52.57,1998182
2020-11-12,62.45,62.55,62.15,62.35,52.44,1213085
2020-11-11,61.40,62.15,61.40,62.15,52.27,2022867
2020-11-10,61.75,61.75,61.15,61.50,51.73,1810948
2020-11-09,61.60,62.00,61.50,61.75,51.94,1841948
2020-11-06,60.90,61.25,60.85,61.00,51.31,1889960
2020-11-05,60.70,60.80,60.45,60.75,51.10,1748951
2020-11-04,60.00,60.75,59.85,60.70,51.05,1327390
2020-11-03,59.30,59.95,59.30,59.85,50.34,1829521
2020-11-02,58.90,59.05,58.45,59.00,49.62,1891086
2020-10-30,59.20,59.20,58.75,58.80,49.46,2335940
2020-10-29,59.30,59.40,58.70,59.25,49.83,1837196
2020-10-28,60.25,60.25,59.85,59.95,50.42,1632707
2020-10-27,60.35,60.35,60.15,60.30,50.72,1474329
2020-10-26,60.65,60.90,60.50,60.65,51.01,1493135
2020-10-23,60.80,60.90,60.50,60.60,50.97,1449264
2020-10-22,60.30,60.55,60.25,60.55,50.93,1442615
2020-10-21,60.65,60.80,60.35,60.40,50.80,1079896
2020-10-20,60.60,60.70,60.50,60.50,50.89,1631812
2020-10-19,59.80,60.70,59.80,60.60,50.97,1738168
2020-10-16,60.20,60.70,60.00,60.10,50.55,1948889
2020-10-15,60.75,60.75,60.05,60.40,50.80,1522732
2020-10-14,60.95,61.15,60.75,60.75,51.10,1468935
2020-10-13,61.35,61.45,60.50,60.95,51.26,1744254
2020-10-12,61.00,61.40,60.90,61.10,51.39,2221936
2020-10-08,60.20,60.60,60.10,60.55,50.93,2462298
2020-10-07,59.40,59.90,59.05,59.90,50.38,1691549
2020-10-06,59.50,59.65,59.20,59.55,50.09,2176205
2020-10-05,59.05,59.20,58.60,58.90,49.54,1843174
2020-09-30,58.60,58.95,58.60,58.75,49.41,1136590
2020-09-29,58.50,58.95,58.30,58.50,49.20,1174588
2020-09-28,57.65,58.40,57.65,58.30,49.04,1870596
2020-09-25,57.65,58.10,57.20,57.45,48.32,1244901
2020-09-24,57.95,58.10,57.40,57.45,48.32,2099291
2020-09-23,58.90,59.00,58.45,58.75,49.41,973152
2020-09-22,59.50,59.50,58.75,58.90,49.54,1259695
2020-09-21,60.00,60.30,59.35,59.50,50.04,1015440
2020-09-18,60.00,60.10,59.50,60.00,50.47,785194
2020-09-17,60.50,60.55,59.90,60.00,50.47,1178103
2020-09-16,60.80,61.00,60.60,60.70,51.05,2292427
2020-09-15,59.55,59.95,59.50,59.90,50.38,390780
2020-09-14,59.05,59.60,59.05,59.55,50.09,1097919
2020-09-11,59.00,59.05,58.75,59.00,49.62,743054
2020-09-10,58.95,59.00,58.70,59.00,49.62,632974
2020-09-09,58.20,58.60,57.85,58.60,49.29,917756
2020-09-08,58.50,59.00,58.50,58.90,49.54,545548
2020-09-07,58.50,58.90,58.35,58.50,49.20,1210403
2020-09-04,58.40,58.70,58.25,58.50,49.20,1178326
2020-09-03,59.25,59.50,58.90,59.05,49.67,681249
2020-09-02,59.50,59.50,58.50,58.90,49.54,554508
2020-09-01,58.55,59.00,58.30,58.95,49.58,713218
2020-08-31,59.40,59.60,58.55,58.55,49.25,985740
2020-08-28,59.40,59.60,58.90,59.25,49.83,955604
2020-08-27,60.10,60.55,59.70,59.70,50.21,1147402
2020-08-26,59.40,59.80,59.35,59.70,50.21,687606
2020-08-25,59.20,59.65,59.05,59.30,49.88,676740
2020-08-24,59.00,59.25,58.70,59.05,49.67,609418
2020-08-21,58.25,58.95,58.25,58.85,49.50,1289734
2020-08-20,59.45,59.45,56.70,57.80,48.62,2635089
2020-08-19,60.05,60.40,59.55,59.60,50.13,614723
2020-08-18,60.40,60.50,59.95,60.05,50.51,591672
2020-08-17,59.70,60.45,59.65,60.35,50.76,1084075
2020-08-14,59.55,59.80,59.20,59.70,50.21,740128
2020-08-13,59.65,59.95,59.50,59.75,50.26,812691
2020-08-12,59.75,59.75,59.00,59.10,49.71,825689
2020-08-11,60.30,60.40,59.95,59.95,50.42,676559
2020-08-10,59.75,60.50,59.70,60.35,50.76,638399
2020-08-07,60.25,60.25,59.65,59.85,50.34,817324
2020-08-06,60.20,60.50,60.00,60.25,50.68,1302866
2020-08-05,59.50,59.80,59.30,59.60,50.13,876842
2020-08-04,58.60,59.15,58.60,59.10,49.71,342096
2020-08-03,59.10,59.20,58.35,58.40,49.12,981810
2020-07-31,59.30,59.60,59.10,59.30,49.88,753661
2020-07-30,59.45,59.80,59.00,59.50,50.04,823241
2020-07-29,58.85,59.25,58.20,58.55,49.25,1068295
2020-07-28,61.30,63.20,58.85,59.10,49.71,2955784
2020-07-27,58.20,59.00,58.10,58.95,49.58,2527023
2020-07-24,56.60,57.00,55.85,56.20,47.27,2178705
2020-07-23,56.45,56.45,56.00,56.40,47.44,834926
2020-07-22,56.30,56.75,56.25,56.45,47.48,970664
2020-07-21,55.45,56.50,55.45,56.30,47.35,1490962
2020-07-20,55.50,55.55,55.00,55.50,46.28,995534
2020-07-17,55.25,55.75,55.10,55.40,46.19,774629
2020-07-16,55.35,55.40,54.70,54.95,45.82,1229664
2020-07-15,55.40,55.85,55.10,55.40,46.19,1408368
2020-07-14,54.80,55.20,54.65,55.20,46.03,994861
2020-07-13,54.50,54.80,54.30,54.80,45.69,1946813
2020-07-10,54.65,54.70,53.85,54.05,45.07,1084795
2020-07-09,54.50,54.75,54.35,54.40,45.36,1032211
2020-07-08,53.90,54.35,53.85,54.35,45.32,917584
2020-07-07,54.10,54.45,53.75,53.90,44.94,1159430
2020-07-06,52.90,53.85,52.90,53.75,44.82,1889538
2020-07-03,52.55,52.85,52.50,52.80,44.02,552569
2020-07-02,51.75,52.20,51.75,52.20,43.52,579282
2020-07-01,51.40,51.80,51.40,51.75,43.15,595103
2020-06-30,51.05,51.35,51.05,51.35,42.82,734567
2020-06-29,51.20,51.25,50.75,51.00,42.52,1186703
2020-06-24,51.40,51.65,51.35,51.40,42.86,590504
2020-06-23,51.40,51.40,50.85,51.20,42.69,857061
2020-06-22,50.85,51.25,50.85,51.00,42.52,715539
2020-06-19,50.85,50.95,50.70,50.80,42.36,431500
2020-06-18,50.80,50.90,50.50,50.85,42.40,496760
2020-06-17,51.00,51.00,50.55,50.80,42.36,793331
2020-06-16,50.35,51.00,50.35,50.90,42.44,1400081
2020-06-15,50.35,50.45,49.69,49.76,41.49,949566
2020-06-12,49.76,50.50,49.74,50.35,41.98,1295665
2020-06-11,51.75,51.95,50.80,50.85,42.40,1343600
2020-06-10,51.15,51.75,51.15,51.65,43.07,812374
2020-06-09,51.20,51.20,50.75,51.20,42.69,819019
2020-06-08,50.60,51.25,50.60,51.00,42.52,2143018
2020-06-05,50.00,50.40,50.00,50.35,41.98,1395865
2020-06-04,49.98,50.05,49.72,49.97,41.67,2049342
2020-06-03,49.16,49.72,49.16,49.71,41.45,1311772
2020-06-02,48.63,48.91,48.63,48.90,40.77,720015
2020-06-01,48.25,48.66,48.25,48.56,40.49,911578
2020-05-29,47.72,48.23,47.52,48.23,40.21,913418
2020-05-28,48.40,48.53,47.89,48.00,40.02,947979
2020-05-27,48.39,48.57,48.15,48.28,40.26,830077
2020-05-26,47.86,48.46,47.86,48.38,40.34,1518720
2020-05-25,47.56,47.70,47.15,47.68,39.76,802439
2020-05-22,48.00,48.00,47.50,47.56,39.66,1683336
2020-05-21,48.08,48.40,48.08,48.37,40.33,865606
2020-05-20,48.03,48.14,47.84,47.95,39.98,716166
2020-05-19,48.13,48.14,47.80,47.95,39.98,585700
2020-05-18,47.64,47.71,47.42,47.50,39.61,1638158
2020-05-15,48.03,48.19,47.60,47.91,39.95,772084
2020-05-14,47.99,48.05,47.67,47.70,39.77,1068511
2020-05-13,47.80,48.31,47.80,48.25,40.23,897462
2020-05-12,48.50,48.50,47.96,48.10,40.11,1613629
2020-05-11,48.79,48.92,48.52,48.72,40.62,1533795
2020-05-08,48.20,48.51,48.11,48.29,40.26,1069669
2020-05-07,47.76,48.22,47.71,48.04,40.06,1317378
2020-05-06,47.89,47.91,47.48,47.74,39.81,2296341
2020-05-05,47.90,47.97,47.65,47.78,39.84,1180558
2020-05-04,47.90,47.90,47.25,47.70,39.77,2021636
2020-04-30,48.41,48.95,48.32,48.93,40.80,1461250
2020-04-29,47.34,47.99,47.34,47.90,39.94,969356
2020-04-28,47.45,47.51,46.97,47.23,39.38,869510
2020-04-27,46.85,47.31,46.78,47.31,39.45,1073523
2020-04-24,46.50,46.72,46.16,46.39,38.68,1360110
2020-04-23,46.34,46.90,46.08,46.45,38.73,984708
2020-04-22,45.97,46.17,45.50,46.17,38.50,758461
2020-04-21,47.28,47.28,46.00,46.25,38.56,1439973
2020-04-20,47.89,47.89,47.40,47.54,39.64,666075
2020-04-17,47.51,48.00,47.45,47.63,39.71,772772
2020-04-16,46.08,46.50,45.90,46.35,38.65,1061902
2020-04-15,46.31,46.62,46.31,46.50,38.77,863048
2020-04-14,45.28,46.27,45.22,46.27,38.58,932619
2020-04-13,45.39,45.45,45.01,45.16,37.65,839911
2020-04-10,45.20,45.38,45.15,45.34,37.80,506616
2020-04-09,45.78,45.81,45.11,45.40,37.85,941963
2020-04-08,44.90,45.50,44.88,45.50,37.94,855867
2020-04-07,44.70,45.08,44.61,44.82,37.37,1173722
2020-04-06,44.25,44.25,43.40,43.95,36.65,1988691
2020-04-01,43.81,43.90,43.46,43.54,36.30,1108250
2020-03-31,44.00,44.10,43.36,43.54,36.30,1065666
2020-03-30,42.60,43.47,42.50,43.36,36.15,780257
2020-03-27,44.93,45.20,43.85,43.90,36.60,1605231
2020-03-26,44.10,44.39,43.50,44.21,36.86,1440903
2020-03-25,43.99,44.30,43.59,43.80,36.52,1566002
2020-03-24,42.03,43.05,42.03,42.57,35.49,960580
2020-03-23,41.05,41.40,39.99,40.80,34.02,822646
2020-03-20,41.20,42.40,40.65,42.00,35.02,1630221
2020-03-19,41.20,41.20,38.60,39.61,33.03,1354039
2020-03-18,43.80,43.80,41.55,41.55,34.64,1366482
2020-03-17,43.00,43.80,42.76,43.03,35.88,992522
2020-03-16,45.90,45.90,44.03,44.10,36.77,1615399
2020-03-13,44.16,46.17,43.00,45.88,38.25,2824164
2020-03-12,48.45,48.45,46.65,47.00,39.19,2376511
2020-03-11,49.28,49.48,48.60,48.65,40.56,1630222
2020-03-10,48.88,49.25,48.50,49.24,41.06,1950293
2020-03-09,49.65,49.83,49.25,49.55,41.31,1890283
2020-03-06,51.40,51.40,50.55,50.60,42.19,1296320
2020-03-05,50.95,51.50,50.95,51.45,42.90,723439
2020-03-04,50.80,50.95,50.50,50.90,42.44,838133
2020-03-03,50.85,51.00,50.60,50.80,42.36,1145813
2020-03-02,50.00,50.55,49.98,50.15,41.82,1291062
2020-02-27,51.20,51.30,50.65,50.75,42.32,1321475
2020-02-26,51.30,51.40,51.00,51.25,42.73,1945063
2020-02-25,51.45,51.75,51.20,51.70,43.11,549384
2020-02-24,51.65,51.80,51.50,51.70,43.11,1062801
2020-02-21,52.50,52.55,52.10,52.30,43.61,723749
2020-02-20,52.75,52.80,52.35,52.50,43.77,715251
2020-02-19,52.30,52.75,52.10,52.60,43.86,636465
2020-02-18,52.50,52.50,52.15,52.15,43.48,1256363
2020-02-17,52.95,52.95,52.60,52.80,44.02,815343
2020-02-14,53.05,53.25,52.95,53.15,44.32,626241
2020-02-13,53.20,53.40,53.00,53.10,44.27,772231
2020-02-12,52.60,53.10,52.60,53.05,44.23,667615
2020-02-11,52.25,52.60,52.25,52.45,43.73,613345
2020-02-10,51.55,52.20,51.35,51.95,43.32,590764
2020-02-07,52.50,52.50,52.05,52.20,43.52,887071
2020-02-06,52.35,52.90,52.35,52.90,44.11,910667
2020-02-05,52.10,52.20,51.60,52.00,43.36,821675
2020-02-04,53.60,53.60,51.85,51.85,43.23,787316
2020-02-03,50.85,51.10,50.20,50.90,42.44,1051862
2020-01-31,52.00,52.00,51.30,51.50,42.94,2139662
2020-01-30,52.55,52.55,51.90,52.00,43.36,1781175
2020-01-20,54.05,54.25,54.00,54.05,45.07,725025
2020-01-17,54.05,54.05,53.80,53.90,44.94,456980
2020-01-16,53.85,54.00,53.65,53.90,44.94,724975
2020-01-15,54.60,54.60,54.00,54.15,45.15,1028888
2020-01-14,54.50,54.70,54.50,54.60,45.53,546115
2020-01-13,54.15,54.30,53.95,54.20,45.19,791505
2020-01-10,53.80,53.95,53.60,53.85,44.90,1058259
2020-01-09,53.45,53.75,53.35,53.75,44.82,468834
2020-01-08,52.85,53.25,52.70,53.00,44.19,1029705
2020-01-07,53.50,53.60,52.90,53.25,44.40,883763
2020-01-06,53.80,53.80,53.55,53.65,44.73,934168
2020-01-03,54.45,54.60,53.85,54.05,45.07,751165
2020-01-02,53.75,54.15,53.70,54.10,45.11,651303
2019-12-31,53.75,53.75,53.60,53.60,44.69,785063
2019-12-30,54.10,54.20,53.95,53.95,44.98,1051862
2019-12-27,53.90,54.20,53.90,54.10,45.11,438876
2019-12-26,53.75,53.80,53.65,53.75,44.82,914659
2019-12-25,53.65,53.75,53.55,53.75,44.82,395936
2019-12-24,53.75,53.90,53.65,53.65,44.73,843260
2019-12-23,53.60,53.80,53.55,53.70,44.78,359740
2019-12-20,54.00,54.00,53.45,53.70,44.78,519672
2019-12-19,54.30,54.40,53.95,54.00,45.03,844870
2019-12-18,54.20,54.30,54.05,54.30,45.28,703226
2019-12-17,53.55,54.25,53.55,54.25,45.23,750492
2019-12-16,53.60,53.70,53.45,53.55,44.65,8109
2019-12-13,53.60,54.00,53.40,53.60,44.69,815398
2019-12-12,52.15,53.10,52.15,53.00,44.19,1321433
2019-12-11,51.60,51.90,51.55,51.90,43.27,901076
2019-12-10,51.85,51.85,51.55,51.60,43.02,346020
2019-12-09,51.65,51.90,51.65,51.90,43.27,630668
2019-12-06,51.70,51.85,51.50,51.50,42.94,1136329
2019-12-05,51.00,51.55,51.00,51.50,42.94,560592
2019-12-04,50.85,50.95,50.75,50.90,42.44,724964
2019-12-03,50.85,51.10,50.80,50.95,42.48,898662
2019-12-02,51.05,51.10,50.85,50.95,42.48,342372
2019-11-29,51.55,51.55,50.85,50.85,42.40,982297
2019-11-28,51.65,51.65,51.50,51.55,42.98,637662
2019-11-27,51.50,51.65,51.35,51.60,43.02,711557
2019-11-26,51.65,51.70,51.45,51.45,42.90,962802
2019-11-25,51.55,51.55,51.35,51.35,42.82,758822
2019-11-22,51.50,51.50,51.30,51.35,42.82,829961
2019-11-21,51.50,51.55,51.05,51.55,42.98,1267058
2019-11-20,52.50,52.50,51.70,51.75,43.15,1350155
2019-11-19,52.65,53.10,52.50,53.10,43.33,1031703
2019-11-18,52.30,52.65,52.30,52.65,42.96,1029260
2019-11-15,52.20,52.40,52.10,52.25,42.63,749364
2019-11-14,52.00,52.00,51.70,51.85,42.31,686686
2019-11-13,51.95,51.95,51.70,51.90,42.35,777380
2019-11-12,51.75,52.15,51.75,52.15,42.55,772834
2019-11-11,52.40,52.40,51.65,51.65,42.14,1071612
2019-11-08,52.80,52.80,52.45,52.45,42.80,886632
2019-11-07,52.90,52.90,52.40,52.65,42.96,1062313
2019-11-06,52.70,52.95,52.55,52.90,43.16,1142985
2019-11-05,52.60,52.75,52.55,52.70,43.00,1071564
2019-11-04,51.60,52.50,51.60,52.45,42.80,945553
2019-11-01,51.15,51.30,51.00,51.30,41.86,625657
2019-10-31,51.05,51.50,51.05,51.15,41.73,995154
2019-10-30,50.80,51.00,50.70,51.00,41.61,970311
2019-10-29,50.60,50.85,50.60,50.75,41.41,503545
2019-10-28,50.55,50.60,50.40,50.60,41.29,884098
2019-10-25,50.35,50.40,50.20,50.35,41.08,842118
2019-10-24,50.00,50.30,50.00,50.30,41.04,458044
2019-10-23,50.05,50.10,49.91,49.95,40.76,1070073
2019-10-22,49.70,50.05,49.70,50.05,40.84,495496
2019-10-21,49.63,49.71,49.51,49.66,40.52,545515
2019-10-18,49.68,49.90,49.62,49.64,40.50,524008
2019-10-17,49.75,49.75,49.52,49.67,40.53,1361727
2019-10-16,49.50,50.00,49.50,49.75,40.59,1261116
2019-10-15,49.22,49.49,49.22,49.46,40.36,660088
2019-10-14,48.90,49.27,48.90,49.23,40.17,651129
2019-10-09,48.79,48.79,48.47,48.47,39.55,517600
2019-10-08,48.45,48.81,48.45,48.81,39.83,618401
2019-10-07,48.24,48.43,48.24,48.42,39.51,692201
2019-10-04,48.00,48.19,47.89,48.10,39.25,692825
2019-10-03,47.62,48.06,47.61,48.00,39.16,274033
2019-10-02,48.40,48.40,48.30,48.30,39.41,564889
2019-10-01,47.80,48.42,47.80,48.42,39.51,737787
2019-09-27,47.70,47.98,47.69,47.76,38.97,680169
2019-09-26,47.58,47.81,47.58,47.63,38.86,682252
2019-09-25,47.64,47.64,47.31,47.44,38.71,687076
2019-09-24,47.71,47.80,47.50,47.68,38.90,643777
2019-09-23,47.70,47.80,47.63,47.70,38.92,807904
2019-09-20,47.68,47.73,47.66,47.72,38.94,756348
2019-09-19,47.95,47.96,47.60,47.64,38.87,637902
2019-09-18,47.57,47.95,47.57,47.90,39.08,805711
2019-09-17,47.53,47.63,47.46,47.52,38.77,611194
2019-09-16,47.36,47.56,47.36,47.51,38.76,808438
2019-09-12,47.36,47.48,47.24,47.35,38.63,633921
2019-09-11,47.05,47.29,47.02,47.12,38.45,610063
2019-09-10,47.25,47.30,47.00,47.02,38.37,668481
2019-09-06,46.89,47.18,46.89,47.12,38.45,843571
2019-09-05,46.69,46.97,46.69,46.88,38.25,749827
2019-09-04,46.11,46.49,46.11,46.49,37.93,665731
2019-09-03,46.43,46.45,46.11,46.11,37.62,783311
2019-09-02,46.28,46.45,46.28,46.43,37.88,656900
2019-08-30,46.03,46.31,46.03,46.28,37.76,743419
2019-08-29,45.62,45.74,45.48,45.74,37.32,622676
2019-08-28,45.36,45.67,45.36,45.62,37.22,612584
2019-08-27,45.53,45.55,45.31,45.36,37.01,357486
2019-08-26,45.80,45.80,45.21,45.35,37.00,858114
2019-08-23,45.94,45.97,45.87,45.90,37.45,96555
2019-08-22,46.10,46.20,45.89,45.89,37.44,129133
2019-08-21,45.90,45.96,45.88,45.91,37.46,110512
2019-08-20,45.90,45.90,45.82,45.90,37.45,199064
2019-08-19,45.80,45.85,45.60,45.85,37.41,101751
2019-08-16,45.10,45.66,44.98,45.57,37.18,392672
2019-08-15,44.75,45.12,44.75,45.09,36.79,399926
2019-08-14,45.61,45.87,45.55,45.55,37.17,140082
2019-08-13,45.73,45.73,45.20,45.28,36.95,282624
2019-08-12,45.98,45.98,45.60,45.73,37.31,180084
2019-08-08,45.35,45.77,45.35,45.73,37.31,142767
2019-08-07,45.65,45.65,45.30,45.35,37.00,335614
2019-08-06,45.50,45.91,44.50,45.51,37.13,702595
2019-08-05,46.00,46.00,45.60,45.74,37.32,549979
2019-08-02,46.17,46.17,45.86,46.10,37.61,695145
2019-08-01,46.90,46.95,46.72,46.80,38.19,256628
2019-07-31,47.25,47.25,46.85,47.14,38.46,137320
2019-07-30,47.37,47.40,47.25,47.25,38.55,93634
2019-07-29,47.30,47.35,47.18,47.35,38.63,106140
2019-07-26,47.36,47.44,47.32,47.38,38.66,225717
2019-07-25,47.44,47.47,47.40,47.47,38.73,111538
2019-07-24,47.37,47.65,47.37,47.39,38.67,77246
2019-07-23,47.36,47.60,47.36,47.40,38.68,143138
2019-07-22,47.24,47.37,47.24,47.36,38.64,151832
2019-07-19,47.00,47.31,47.00,47.10,38.43,121297
2019-07-18,46.74,46.80,46.71,46.71,38.11,306746
2019-07-17,47.65,47.65,47.37,47.41,38.14,428983
2019-07-16,47.51,47.81,47.50,47.78,38.44,356017
2019-07-15,47.43,47.51,47.00,47.51,38.22,227618
2019-07-12,47.40,47.46,47.32,47.34,38.09,341483
2019-07-11,47.18,47.40,47.10,47.40,38.14,236138
2019-07-10,46.84,46.95,46.68,46.95,37.77,230663
2019-07-09,46.69,46.69,46.48,46.55,37.45,287975
2019-07-08,46.61,46.80,46.53,46.70,37.57,530815
2019-07-05,46.86,46.87,46.65,46.72,37.59,229572
2019-07-04,46.57,46.74,46.57,46.70,37.57,128020
2019-07-03,46.77,46.80,46.47,46.48,37.40,431492
2019-07-02,47.17,47.17,47.00,47.03,37.84,141359
2019-07-01,46.84,47.20,46.84,47.18,37.96,293200
2019-06-28,46.50,46.52,46.22,46.24,37.20,265685
2019-06-27,46.08,46.52,46.08,46.52,37.43,173357
2019-06-26,45.91,45.95,45.82,45.90,36.93,501559
2019-06-25,46.30,46.33,45.96,46.00,37.01,97292
2019-06-24,46.00,46.36,46.00,46.35,37.29,129090
2019-06-21,46.25,46.28,46.00,46.00,37.01,196274
2019-06-20,46.02,46.08,45.95,46.00,37.01,111696
2019-06-19,45.61,46.04,45.58,46.02,37.03,172697
2019-06-18,44.90,45.08,44.85,44.97,36.18,97086
2019-06-17,44.76,45.02,44.60,44.91,36.13,249774
2019-06-14,45.05,45.14,44.92,44.94,36.16,111646
2019-06-13,45.39,45.44,45.10,45.14,36.32,107808
2019-06-12,45.43,45.50,45.32,45.45,36.57,89070
2019-06-11,45.32,45.53,45.15,45.43,36.55,165739
2019-06-10,44.98,45.14,44.73,45.14,36.32,143152
2019-06-06,44.55,44.55,44.21,44.26,35.61,305375
2019-06-05,44.97,44.97,44.56,44.59,35.88,109953
2019-06-04,44.90,44.90,44.52,44.55,35.84,141546
2019-06-03,44.64,44.84,44.26,44.84,36.08,86712
2019-05-31,44.10,44.78,44.10,44.72,35.98,97041
2019-05-30,43.70,44.10,43.70,44.10,35.48,92435
2019-05-29,43.85,43.85,43.42,43.70,35.16,135266
2019-05-28,44.04,44.04,43.80,43.88,35.30,133603
2019-05-27,44.09,44.10,43.80,43.95,35.36,310025
2019-05-24,43.93,44.13,43.88,43.98,35.38,157915
2019-05-23,44.40,44.40,43.76,43.83,35.26,497688
2019-05-22,44.70,44.99,44.68,44.69,35.96,244417
2019-05-21,44.55,44.76,44.43,44.70,35.96,301143
2019-05-20,44.81,45.00,44.65,44.68,35.95,208227
2019-05-17,45.43,45.43,44.68,44.68,35.95,358847
2019-05-16,45.44,45.54,45.28,45.36,36.49,326820
2019-05-15,45.63,45.80,45.55,45.55,36.65,186896
2019-05-14,45.80,45.80,45.00,45.56,36.66,127421
2019-05-13,46.32,46.35,45.87,45.88,36.91,254976
2019-05-10,46.65,46.81,46.40,46.61,37.50,104543
2019-05-09,47.21,47.21,46.60,46.65,37.53,106352
2019-05-08,47.32,47.40,47.13,47.40,38.14,75912
2019-05-07,47.17,47.62,47.17,47.62,38.31,80412
2019-05-06,47.80,47.80,47.10,47.30,38.06,249558
2019-05-03,47.57,48.00,47.57,47.90,38.54,73141
2019-05-02,47.33,47.65,47.33,47.57,38.27,90171
2019-04-30,47.34,47.34,47.32,47.33,38.08,52236
2019-04-29,47.55,47.55,47.34,47.34,38.09,51652
2019-04-26,47.70,47.70,47.20,47.34,38.09,175719
2019-04-25,47.55,47.70,47.55,47.65,38.34,57944
2019-04-24,47.77,47.77,47.60,47.60,38.30,56974
2019-04-23,47.43,47.54,47.33,47.54,38.25,56654
2019-04-22,47.50,47.60,47.40,47.43,38.16,89981
2019-04-19,47.71,47.71,47.28,47.33,38.08,81131
2019-04-18,47.57,47.81,47.36,47.36,38.10,72794
2019-04-17,47.17,47.46,47.17,47.42,38.15,78105
2019-04-16,46.82,47.02,46.82,47.02,37.83,189375
2019-04-15,46.62,46.74,46.62,46.70,37.57,81948
2019-04-12,46.35,46.41,46.35,46.41,37.34,55506
2019-04-11,46.60,46.65,46.40,46.49,37.40,86484
2019-04-10,46.60,46.60,46.45,46.60,37.49,63025
2019-04-09,46.43,46.65,46.35,46.65,37.53,94273
2019-04-08,46.11,46.43,46.11,46.43,37.36,201469
2019-04-03,45.93,45.99,45.72,45.90,36.93,78423
2019-04-02,46.01,46.01,45.88,45.88,36.91,70059
2019-04-01,46.01,46.07,45.73,45.73,36.79,71636
2019-03-29,45.16,45.45,45.12,45.45,36.57,55606
2019-03-28,45.12,45.12,44.91,45.12,36.30,50975
2019-03-27,45.28,45.42,45.19,45.19,36.36,61707
2019-03-26,44.94,45.28,44.94,45.28,36.43,122092
2019-03-25,45.40,45.40,44.77,44.81,36.05,78826
2019-03-22,45.62,45.64,45.33,45.49,36.60,87931
2019-03-21,45.01,45.15,45.01,45.15,36.33,102677
2019-03-20,44.89,44.98,44.85,44.94,36.16,60931
2019-03-19,44.79,44.84,44.70,44.84,36.08,62845
2019-03-18,44.60,44.83,44.60,44.79,36.04,134033
2019-03-15,44.18,44.46,44.16,44.46,35.77,50109
2019-03-14,44.35,44.40,44.18,44.18,35.55,54609
2019-03-13,44.16,44.30,44.10,44.20,35.56,57537
2019-03-12,43.84,44.27,43.84,44.19,35.55,59480
2019-03-11,43.60,43.63,43.47,43.63,35.10,75853
2019-03-08,43.78,43.78,43.50,43.65,35.12,75359
2019-03-07,44.08,44.08,44.00,44.04,35.43,63740
2019-03-06,43.97,44.13,43.97,44.11,35.49,140289
2019-03-05,44.00,44.00,43.88,43.95,35.36,57450
2019-03-04,44.30,44.35,44.02,44.15,35.52,81009
2019-02-27,44.40,44.40,44.20,44.30,35.64,48804
2019-02-26,44.26,44.51,44.22,44.51,35.81,127982
2019-02-25,44.25,44.29,44.19,44.19,35.55,56337
2019-02-22,43.85,43.92,43.81,43.86,35.29,45493
2019-02-21,43.72,43.92,43.72,43.92,35.34,81336
2019-02-20,43.32,43.65,43.32,43.65,35.12,63237
2019-02-19,43.31,43.31,43.28,43.28,34.82,43875
2019-02-18,43.00,43.36,43.00,43.34,34.87,128316
2019-02-15,43.05,43.05,42.95,42.96,34.56,51227
2019-02-14,43.15,43.25,43.05,43.05,34.64,51301
2019-02-13,43.20,43.20,43.13,43.15,34.72,52421
2019-02-12,43.10,43.15,43.00,43.15,34.72,51765
2019-02-11,43.38,43.38,42.98,43.13,34.70,150154
2019-01-30,42.57,42.61,42.40,42.61,34.28,49992
2019-01-29,43.20,43.20,42.57,42.57,34.25,47440
2019-01-28,42.88,43.13,42.88,43.13,34.70,117971
2019-01-25,42.55,42.84,42.55,42.66,34.32,46025
2019-01-24,42.40,42.53,42.40,42.51,34.20,51668
2019-01-23,42.43,42.43,42.31,42.35,34.07,43298
2019-01-22,42.52,42.52,42.45,42.45,34.15,44303
2019-01-21,42.90,42.90,42.50,42.64,34.31,55321
2019-01-18,42.49,42.49,42.10,42.20,33.95,49936
2019-01-17,42.11,42.19,42.08,42.11,33.88,48588
2019-01-16,42.00,42.15,41.99,42.15,33.91,116716
2019-01-15,41.59,42.04,41.59,42.04,33.82,52887
2019-01-14,41.90,41.90,41.59,41.59,33.46,44521
2019-01-11,41.90,41.93,41.90,41.90,33.71,45297
2019-01-10,41.62,41.62,41.45,41.45,33.35,41339
2019-01-09,41.38,41.72,41.37,41.72,33.57,40572
2019-01-08,40.98,40.98,40.90,40.90,32.91,42328
2019-01-07,40.50,41.07,40.50,41.07,33.04,156258
2019-01-04,40.31,40.31,39.97,40.02,32.20,79625
2019-01-03,40.80,40.82,40.75,40.78,32.81,46301
2019-01-02,42.13,42.13,41.17,41.17,33.12,58933
2018-12-28,41.40,41.67,41.40,41.58,33.45,48181
2018-12-27,41.00,41.76,41.00,41.62,33.49,50071
2018-12-26,41.00,41.10,40.97,40.97,32.96,85705
2018-12-25,40.82,41.03,40.77,40.88,32.89,59770
2018-12-24,41.46,41.46,41.43,41.46,33.36,52610
2018-12-21,41.42,41.70,41.40,41.70,33.55,46438
2018-12-20,41.70,41.70,41.42,41.42,33.32,54144
2018-12-19,41.72,41.72,41.72,41.72,33.57,
2018-12-18,41.68,41.80,41.64,41.72,33.57,48585
2018-12-17,42.00,42.03,42.00,42.03,33.82,131667
2018-12-14,42.12,42.12,41.80,42.00,33.79,45082
2018-12-13,42.14,42.42,42.10,42.25,33.99,51942
2018-12-12,41.91,42.10,41.91,42.10,33.87,69072
2018-12-11,41.46,41.46,41.46,41.46,33.36,
2018-12-10,41.76,41.76,41.45,41.46,33.36,69615
2018-12-07,41.90,41.90,41.90,41.90,33.71,
2018-12-06,42.17,42.20,41.80,41.90,33.71,205671
2018-12-05,42.74,42.83,42.67,42.67,34.33,60010
2018-12-04,43.69,43.69,43.69,43.69,35.15,
2018-12-03,43.43,43.69,43.43,43.69,35.15,77497
2018-11-30,42.90,42.90,42.90,42.90,34.52,
2018-11-29,43.11,43.29,42.90,42.90,34.52,54666
2018-11-28,44.08,44.61,44.08,44.61,34.28,90636
2018-11-27,44.10,44.10,43.88,44.08,33.87,383342
2018-11-26,43.96,43.96,43.96,43.96,33.78,
2018-11-23,44.42,44.42,43.88,43.96,33.78,69134
2018-11-22,44.42,44.54,44.42,44.42,34.14,66758
2018-11-21,43.79,44.40,43.71,44.40,34.12,52143
2018-11-20,44.37,44.44,44.28,44.31,34.05,45864
2018-11-19,44.78,44.78,44.78,44.78,34.41,
2018-11-16,45.00,45.00,44.78,44.78,34.41,85482
2018-11-15,44.74,44.90,44.74,44.83,34.45,40989
2018-11-14,44.89,44.89,44.64,44.64,34.31,44527
2018-11-13,45.25,45.25,45.25,45.25,34.77,
2018-11-12,45.03,45.32,45.03,45.25,34.77,41660
2018-11-09,45.85,45.85,45.85,45.85,35.24,
2018-11-08,45.91,45.91,45.85,45.85,35.24,47064
2018-11-07,45.50,45.54,45.50,45.54,35.00,43532
2018-11-06,45.53,45.53,45.29,45.32,34.83,102658
2018-11-05,45.53,45.53,45.39,45.43,34.91,46832
2018-11-02,45.65,45.90,45.50,45.90,35.27,45876
2018-11-01,45.30,45.65,45.27,45.65,35.08,47170
2018-10-31,44.45,44.45,44.45,44.45,34.16,
2018-10-30,44.23,44.50,44.22,44.45,34.16,43492
2018-10-29,44.23,44.26,44.11,44.11,33.90,42623
2018-10-26,44.39,44.39,43.68,44.11,33.90,85073
2018-10-25,44.16,44.32,44.01,44.32,34.06,47270
2018-10-24,45.40,45.40,44.97,45.20,34.74,42405
2018-10-23,45.82,45.85,45.50,45.54,35.00,62529
2018-10-22,45.76,46.16,45.59,46.16,35.47,41121
2018-10-19,45.60,45.99,45.47,45.98,35.33,53264
2018-10-18,46.31,46.31,46.19,46.20,35.50,53133
2018-10-17,46.58,46.76,46.45,46.45,35.70,57751
2018-10-16,45.70,46.10,45.70,46.09,35.42,93113
2018-10-15,46.17,46.17,45.74,45.84,35.23,69590
2018-10-12,45.38,46.19,45.30,46.17,35.48,73281
2018-10-11,46.42,46.42,45.20,45.20,34.74,170796
2018-10-09,48.56,48.56,47.96,48.31,37.13,122168
2018-10-08,48.82,49.00,48.02,48.81,37.51,198641
2018-10-05,49.47,49.47,49.05,49.10,37.73,57629
2018-10-04,50.25,50.25,49.79,49.86,38.32,69261
2018-10-03,50.40,50.40,50.30,50.35,38.69,55996
2018-10-02,50.80,50.80,50.10,50.40,38.73,47643
2018-10-01,50.70,51.15,50.60,51.05,39.23,53802
2018-09-28,50.85,51.20,50.70,50.70,38.96,52676
2018-09-27,50.80,51.05,50.80,50.85,39.08,41890
2018-09-26,50.65,50.80,50.55,50.80,39.04,109793
2018-09-25,50.50,50.55,50.50,50.55,38.85,43857
2018-09-21,49.99,50.30,49.99,50.30,38.65,50790
2018-09-20,50.00,50.00,49.80,49.95,38.39,44218
2018-09-19,49.77,49.85,49.68,49.80,38.27,40600
2018-09-18,49.88,49.88,49.60,49.60,38.12,46950
2018-09-17,50.10,50.30,49.95,49.98,38.41,81438
2018-09-14,49.88,50.25,49.88,50.20,38.58,54228
2018-09-13,49.55,49.55,49.40,49.40,37.96,42551
2018-09-12,49.60,49.60,49.50,49.55,38.08,44499
2018-09-11,49.52,49.61,49.48,49.60,38.12,47565
2018-09-10,50.05,50.25,49.61,49.61,38.12,62770
2018-09-07,50.00,50.00,49.80,49.80,38.27,77377
2018-09-06,50.15,50.25,50.00,50.25,38.62,111719
2018-09-05,50.30,50.50,50.30,50.40,38.73,43580
2018-09-04,50.10,50.10,50.10,50.10,38.50,41353
2018-09-03,50.40,50.40,49.99,49.99,38.42,48040
2018-08-31,50.35,50.35,50.20,50.20,38.58,48358
2018-08-30,50.95,51.00,50.70,50.70,38.96,50719
2018-08-29,50.15,50.45,50.15,50.45,38.77,45687
2018-08-28,49.72,49.90,49.72,49.88,38.33,52819
2018-08-27,49.22,49.57,49.22,49.57,38.09,96300
2018-08-24,49.14,49.14,49.14,49.14,37.76,41100
2018-08-23,48.90,49.15,48.90,49.15,37.77,46401
2018-08-22,48.85,48.98,48.85,48.98,37.64,42770
2018-08-21,48.77,48.85,48.77,48.85,37.54,41698
2018-08-20,48.57,48.57,48.57,48.57,37.33,
2018-08-17,48.55,48.74,48.55,48.57,37.33,44082
2018-08-16,48.02,48.54,47.96,48.43,37.22,107300
2018-08-15,48.61,48.61,48.15,48.17,37.02,75607
2018-08-14,48.56,48.57,48.51,48.51,37.28,43528
2018-08-13,49.06,49.06,48.45,48.45,37.23,42619
2018-08-10,49.33,49.33,49.33,49.33,37.91,40929
2018-08-09,49.47,49.57,49.45,49.46,38.01,48868
2018-08-08,49.52,49.74,49.52,49.66,38.16,47853
2018-08-07,49.50,49.50,49.42,49.43,37.99,44900
2018-08-06,49.02,49.54,49.02,49.54,38.07,109370
2018-08-03,48.70,49.14,48.70,49.12,37.75,46477
2018-08-02,49.33,49.50,48.70,48.70,37.43,56533
2018-08-01,49.23,49.30,49.23,49.27,37.86,43060
2018-07-31,48.99,49.15,48.99,49.15,37.77,41753
2018-07-30,49.11,49.19,49.06,49.14,37.76,49539
2018-07-27,49.05,49.12,49.05,49.06,37.70,42954
2018-07-26,49.00,49.10,48.90,49.10,37.73,79075
2018-07-25,49.07,49.13,49.07,49.08,37.22,43087
2018-07-24,48.97,49.06,48.97,49.06,37.20,43835
2018-07-23,48.79,49.24,48.79,49.08,37.22,54225
2018-07-20,48.82,48.89,48.76,48.80,37.01,44875
2018-07-19,48.08,48.10,48.08,48.10,36.47,48036
2018-07-18,48.00,48.19,48.00,48.17,36.53,47016
2018-07-17,48.30,48.39,48.00,48.00,36.40,69382
2018-07-16,48.31,48.57,48.31,48.50,36.78,99022
2018-07-13,48.12,48.27,48.12,48.22,36.57,51442
2018-07-12,47.69,48.08,47.69,48.00,36.40,42042
2018-07-11,47.72,47.72,47.72,47.72,36.19,41138
2018-07-10,47.98,47.98,47.91,47.91,36.33,42913
2018-07-09,47.51,47.51,47.51,47.51,36.03,
2018-07-06,49.79,49.79,47.09,47.51,36.03,114052
2018-07-05,47.39,47.44,47.37,47.38,35.93,43200
2018-07-04,47.42,47.42,47.42,47.42,35.96,40520
2018-07-03,47.74,47.74,47.39,47.39,35.94,41326
2018-07-02,47.74,47.74,47.55,47.55,36.06,39653
2018-06-29,47.29,47.55,47.29,47.55,36.06,39000
2018-06-28,47.00,47.11,46.82,47.11,35.72,38679
2018-06-27,47.40,47.40,47.34,47.34,35.90,42000
2018-06-26,47.70,47.91,47.20,47.34,35.90,69040
2018-06-25,47.78,47.99,47.78,47.89,36.32,45466
2018-06-22,47.60,47.87,47.60,47.78,36.23,44613
2018-06-21,47.82,47.82,47.74,47.75,36.21,46878
2018-06-20,47.57,47.65,47.57,47.65,36.13,48673
2018-06-19,47.75,47.94,47.65,47.65,36.13,67331
2018-06-15,47.93,47.93,47.75,47.75,36.21,43343
2018-06-14,48.38,48.38,48.07,48.07,36.45,43041
2018-06-13,48.56,48.56,48.46,48.46,36.75,41500
2018-06-12,48.45,48.45,48.37,48.37,36.68,43782
2018-06-11,48.45,48.50,48.45,48.45,36.74,48500
2018-06-08,48.47,48.48,48.45,48.45,36.74,45220
2018-06-07,48.73,48.73,48.63,48.65,36.89,46039
2018-06-06,48.15,48.71,48.15,48.54,36.81,102093
2018-06-05,48.09,48.09,48.09,48.09,36.47,40208
2018-06-04,47.64,48.27,47.64,47.92,36.34,44439
2018-06-01,47.15,47.20,47.15,47.20,35.79,52722
2018-05-31,47.34,47.46,47.10,47.10,35.72,42358
2018-05-30,47.16,47.56,47.16,47.16,35.76,71204
2018-05-29,48.06,48.06,47.80,47.80,36.25,24100
2018-05-28,48.23,48.28,48.17,48.27,36.60,52016
2018-05-25,47.76,47.86,47.76,47.86,36.29,5121
2018-05-24,47.76,47.83,47.76,47.83,36.27,3000
2018-05-23,48.07,48.07,47.76,47.76,36.22,52587
2018-05-22,47.99,48.18,47.99,48.07,36.45,7166
2018-05-21,47.63,47.78,47.63,47.78,36.23,5829
2018-05-18,47.40,47.45,47.40,47.45,35.98,2980
2018-05-17,47.73,47.73,47.46,47.46,35.99,14061
2018-05-16,47.81,47.85,47.77,47.85,36.29,108406
2018-05-15,48.20,48.20,47.99,48.00,36.40,11936
2018-05-14,47.93,48.14,47.93,48.14,36.50,4252
2018-05-11,47.27,47.82,47.27,47.82,36.26,6250
2018-05-10,47.00,47.23,47.00,47.23,35.81,6422
2018-05-09,46.82,47.00,46.82,47.00,35.64,3529
2018-05-08,45.00,46.59,45.00,46.59,35.33,9103
2018-05-07,46.37,46.58,46.29,46.58,35.32,70081
2018-05-04,45.90,46.13,45.90,45.90,34.81,4746
2018-05-03,45.98,45.98,45.98,45.98,34.87,1165
2018-05-02,46.50,46.50,46.48,46.48,35.25,3562
2018-04-30,46.88,46.90,46.88,46.90,35.56,2060
2018-04-27,46.15,46.15,45.90,46.00,34.88,6380
2018-04-26,46.36,46.36,46.09,46.09,34.95,59751
2018-04-25,46.22,46.36,46.10,46.36,35.16,7888
2018-04-24,46.70,46.70,46.34,46.50,35.26,14187
2018-04-23,46.86,46.91,46.55,46.70,35.41,16883
2018-04-20,47.17,47.19,47.17,47.17,35.77,10220
2018-04-19,47.59,48.11,47.59,48.11,36.48,5210
2018-04-18,47.52,47.52,47.52,47.52,36.03,2066
2018-04-17,47.90,47.90,47.22,47.49,36.01,17888
2018-04-16,48.22,48.27,48.06,48.27,36.60,58300
2018-04-13,48.29,48.29,48.29,48.29,36.62,1230
2018-04-12,48.22,48.22,48.22,48.22,36.57,
2018-04-11,48.22,48.22,48.22,48.22,36.57,4419
2018-04-10,48.04,48.09,48.04,48.09,36.47,2191
2018-04-09,47.80,48.04,47.79,48.04,36.43,65170
2018-04-03,47.80,47.80,47.80,47.80,36.25,1308
2018-04-02,48.05,48.05,47.98,47.98,36.38,6526
2018-03-30,48.14,48.14,48.14,48.14,36.50,1010
2018-03-29,47.88,47.88,47.77,47.77,36.22,5150
2018-03-28,47.88,47.88,47.88,47.88,36.31,1397
2018-03-27,48.12,48.37,48.12,48.17,36.53,6158
2018-03-26,47.63,47.76,47.59,47.68,36.16,44605
2018-03-23,47.78,47.78,47.70,47.70,36.17,6418
2018-03-22,48.66,48.66,48.66,48.66,36.90,
2018-03-21,48.97,48.97,48.66,48.66,36.90,2201
2018-03-20,48.62,48.79,48.62,48.79,37.00,6099
2018-03-19,48.85,49.08,48.85,48.93,37.10,4527
2018-03-16,48.58,49.06,48.28,49.06,37.20,77470
2018-03-15,49.13,49.13,49.13,49.13,37.26,
2018-03-14,49.10,49.13,48.89,49.13,37.26,4018
2018-03-13,48.89,49.15,48.89,49.15,37.27,7229
2018-03-12,48.55,49.02,48.55,49.02,37.17,4903
2018-03-09,47.47,47.47,47.47,47.47,36.00,
2018-03-08,47.47,47.47,47.47,47.47,36.00,
2018-03-07,47.67,47.67,47.47,47.47,36.00,2310
2018-03-06,47.74,47.74,47.68,47.68,36.16,74622
2018-03-05,47.57,47.57,47.30,47.30,35.87,3276
2018-03-02,47.60,47.60,47.60,47.60,36.10,
2018-03-01,47.72,47.75,47.60,47.60,36.10,8605
2018-02-27,48.44,48.44,48.15,48.15,36.51,13638
2018-02-26,47.93,48.79,47.93,48.42,36.72,71959
2018-02-23,47.96,47.96,47.96,47.96,36.37,1639
2018-02-22,47.76,47.76,47.32,47.32,35.88,3326
2018-02-21,47.74,48.11,47.72,47.81,36.25,58579
2018-02-12,46.50,47.00,46.50,46.92,35.58,15662
2018-02-09,46.50,46.50,46.19,46.50,35.26,9576
2018-02-08,46.90,46.90,46.78,46.78,35.47,2711
2018-02-07,46.46,47.47,46.46,47.06,35.69,7600
2018-02-06,46.72,47.94,46.46,46.46,35.23,78523
2018-02-05,48.40,48.56,48.40,48.56,36.82,3234
2018-02-02,48.88,49.08,48.88,49.08,37.22,4930
2018-02-01,49.08,49.08,49.08,49.08,37.22,3007
2018-01-31,48.75,49.08,48.75,49.08,37.22,6095
2018-01-30,49.00,49.00,49.00,49.00,37.16,1695
2018-01-29,49.46,49.46,49.07,49.07,37.21,12260
2018-01-26,49.35,49.35,48.96,49.31,37.39,47576
2018-01-25,49.11,49.78,49.11,49.54,37.57,9147
2018-01-24,49.85,49.85,49.08,49.11,37.24,8379
2018-01-23,49.80,49.88,49.77,49.88,37.82,8101
2018-01-22,49.75,49.75,49.60,49.60,37.61,13112
2018-01-19,48.59,49.60,48.59,49.60,37.61,42210
2018-01-18,48.25,48.53,48.25,48.53,36.80,7341
2018-01-17,47.90,47.90,47.90,47.90,36.32,7988
2018-01-16,47.83,47.95,47.81,47.90,36.32,58395
2018-01-15,47.91,47.91,47.59,47.63,36.12,15462
2018-01-12,47.57,47.57,47.57,47.57,36.07,1121
2018-01-11,46.90,46.90,46.90,46.90,35.56,1120
2018-01-10,47.55,47.55,47.55,47.55,36.06,1472
2018-01-09,47.65,47.65,47.38,47.38,35.93,4625
2018-01-08,47.65,47.65,47.60,47.65,36.13,55841
2018-01-05,47.07,47.07,47.02,47.02,35.66,3882
2018-01-04,47.23,47.23,47.10,47.23,35.81,7521
2018-01-03,46.80,47.28,46.80,47.23,35.81,12347
2018-01-02,46.70,46.73,46.70,46.73,35.44,4380
